Date,Open,High,Low,Close,Adj Close,Volume
8/5/2014,6.8,6.86,6.55,6.66,6.239136,463865427
8/6/2014,6.65,6.73,6.64,6.64,6.2204,110785500
8/7/2014,6.66,6.82,6.64,6.75,6.323449,76599510
8/8/2014,6.76,6.77,6.63,6.66,6.239136,70280000
8/11/2014,6.78,7.05,6.75,6.97,6.529546,190255833
8/12/2014,7,7.09,6.96,6.98,6.538915,84527700
8/13/2014,7.02,7.02,6.78,6.9,6.46397,70089090
8/14/2014,6.91,6.91,6.78,6.8,6.37029,36687500
8/15/2014,6.81,6.85,6.75,6.8,6.37029,24940041
8/18/2014,6.83,6.9,6.73,6.79,6.360921,46956871
8/19/2014,6.81,6.85,6.74,6.78,6.351553,28269500
8/20/2014,6.78,6.84,6.77,6.78,6.351553,18297000
8/21/2014,6.81,6.81,6.67,6.72,6.295344,23024500
8/22/2014,6.71,6.76,6.61,6.65,6.229768,23629500
8/25/2014,6.65,6.76,6.65,6.72,6.295344,22174500
8/26/2014,6.7,6.73,6.67,6.71,6.285977,15580500
8/27/2014,6.74,6.76,6.65,6.66,6.239136,28585242
8/28/2014,6.66,6.73,6.29,6.31,5.911253,53681226
8/29/2014,6.3,6.38,6.2,6.37,5.967462,47748754
9/1/2014,6.48,6.52,6.42,6.47,6.061143,39121000
9/2/2014,6.47,6.49,6.35,6.38,5.97683,19610760
9/3/2014,6.35,6.45,6.17,6.19,5.798837,51374000
9/4/2014,6.23,6.29,6.19,6.22,5.826941,37341500
9/5/2014,6.25,6.43,6.22,6.39,5.986197,37202941
9/8/2014,6.46,6.46,6.35,6.38,5.97683,14583000
9/10/2014,6.38,6.46,6.33,6.36,5.958094,42881500
9/11/2014,6.34,6.42,6.34,6.42,6.014302,32240159
9/12/2014,6.48,6.69,6.45,6.69,6.26724,56051600
9/15/2014,6.68,6.76,6.55,6.6,6.182927,38311297
9/16/2014,6.56,6.66,6.5,6.52,6.107983,15630000
9/17/2014,6.52,6.55,6.45,6.48,6.07051,19626500
9/18/2014,6.5,6.51,6.4,6.43,6.02367,27324500
9/19/2014,6.45,6.64,6.45,6.56,6.145456,30192751
9/22/2014,6.53,6.54,6.43,6.43,6.02367,27204500
9/23/2014,6.45,6.52,6.44,6.45,6.042407,16056360
9/24/2014,6.45,6.55,6.45,6.51,6.098615,28769500
9/25/2014,6.54,6.69,6.48,6.51,6.098615,25902000
9/26/2014,6.46,6.5,6.42,6.46,6.051775,13157000
9/29/2014,6.39,6.4,6.17,6.34,5.939358,44607500
9/30/2014,6.3,6.4,6.23,6.38,5.97683,24227500
10/3/2014,6.38,6.43,6.24,6.4,5.995566,23910070
10/6/2014,6.42,6.44,6.35,6.4,5.995566,14129000
10/7/2014,6.41,6.41,6.29,6.33,5.92999,22557500
10/8/2014,6.3,6.34,6.27,6.31,5.911253,8931144
10/9/2014,6.31,6.37,6.22,6.28,5.88315,17933000
10/10/2014,6.23,6.27,6.18,6.23,5.836309,22278000
10/13/2014,6.21,6.23,6.14,6.17,5.780101,23270523
10/14/2014,6.12,6.22,6.02,6.09,5.705156,17469000
10/15/2014,6.08,6.13,5.97,5.99,5.611475,27100500
10/16/2014,5.96,6.02,5.84,5.91,5.53653,25688000
10/17/2014,5.98,6.14,5.97,6.11,5.723892,61884500
10/20/2014,6.18,6.32,6.12,6.3,5.901886,25322900
10/21/2014,6.27,6.35,6.24,6.26,5.864414,16368700
10/22/2014,6.25,6.39,6.25,6.33,5.92999,19987790
10/23/2014,6.3,6.33,6.23,6.27,5.873781,13527000
10/24/2014,6.25,6.29,6.16,6.19,5.798837,25384500
10/27/2014,5.98,5.98,4.95,4.96,4.646564,242017000
10/28/2014,5.05,5.18,5.01,5.17,4.843293,106542565
10/29/2014,5.2,5.22,5.02,5.07,4.749613,44290649
10/30/2014,5.06,5.1,4.95,4.98,4.6653,56307200
10/31/2014,5.01,5.1,5.01,5.07,4.749613,15844000
11/3/2014,5.02,5.05,4.96,4.97,4.655932,28638500
11/4/2014,4.95,5.07,4.95,5.06,4.740245,18397275
11/5/2014,5.07,5.19,5.06,5.14,4.815189,28238146
11/6/2014,5.17,5.19,5.1,5.15,4.824558,20193406
11/7/2014,5.22,5.23,5.13,5.15,4.824558,28920968
11/10/2014,5.21,5.28,5.11,5.13,4.805822,46634450
11/11/2014,5.15,5.16,4.95,5.07,4.749613,63279500
11/12/2014,5.03,5.21,5.01,5.1,4.777717,24334000
11/13/2014,5.1,5.19,5.08,5.17,4.843293,15399285
11/14/2014,5.18,5.18,5.02,5.16,4.833925,26292500
11/17/2014,5.16,5.19,5.09,5.13,4.805822,11732000
11/18/2014,5.12,5.17,5.09,5.15,4.824558,13881500
11/19/2014,5.12,5.17,5.11,5.15,4.824558,21022307
11/20/2014,5.13,5.15,5,5.06,4.740245,20699630
11/21/2014,5.05,5.12,5.05,5.08,4.758981,15698500
11/24/2014,5.12,5.27,5.08,5.25,4.918238,51895090
11/25/2014,5.28,5.33,5.14,5.22,4.890134,257070994
11/26/2014,5.19,5.21,5.07,5.11,4.787085,80224294
11/27/2014,5.11,5.12,5.02,5.05,4.730876,28162116
11/28/2014,5.1,5.1,4.47,4.59,4.299945,137434979
12/1/2014,4.62,4.64,4.11,4.24,3.972063,149778221
12/2/2014,4.25,4.38,4.18,4.38,4.103216,74221891
12/3/2014,4.46,4.47,4.28,4.29,4.018903,53059512
12/4/2014,4.27,4.56,4.25,4.54,4.253105,36778676
12/5/2014,4.57,4.64,4.51,4.55,4.262473,39207744
12/8/2014,4.58,4.58,4.34,4.36,4.08448,20242562
12/9/2014,4.37,4.5,4.28,4.32,4.047007,20384248
12/10/2014,4.32,4.33,4.1,4.15,3.88775,41510064
12/11/2014,4.1,4.15,4.1,4.12,3.859646,20260034
12/12/2014,4.2,4.2,4.04,4.12,3.859646,18492048
12/15/2014,4.1,4.12,3.95,4,3.747229,30619718
12/16/2014,4,4.05,3.89,3.93,3.681652,43570033
12/17/2014,3.9,4,3.78,3.8,3.559867,37184809
12/18/2014,3.83,3.93,3.75,3.83,3.587972,18233580
12/19/2014,3.88,3.97,3.8,3.95,3.700389,23815300
12/22/2014,3.9,4.05,3.86,4.05,3.794069,15287528
12/23/2014,4.09,4.11,4,4.03,3.775333,14741514
12/24/2014,4.04,4.05,3.97,4.02,3.765965,4967706
12/29/2014,4.02,4.24,4.02,4.22,3.953326,20739040
12/30/2014,4.14,4.26,4.14,4.24,3.972063,19334182
12/31/2014,4.26,4.46,4.22,4.44,4.159424,27312735
1/2/2015,4.44,4.44,4.35,4.44,4.159424,10630778
1/5/2015,4.39,4.48,4.35,4.46,4.17816,24867660
1/6/2015,4.4,4.53,4.39,4.45,4.168792,23661670
1/7/2015,4.4,4.5,4.4,4.44,4.159424,14780060
1/8/2015,4.45,4.49,4.39,4.41,4.13132,12432080
1/9/2015,4.45,4.46,4.41,4.45,4.168792,8712397
1/12/2015,4.44,4.45,4.39,4.41,4.13132,5801342
1/13/2015,4.45,4.45,4.37,4.38,4.103216,10925235
1/14/2015,4.41,4.42,4.36,4.41,4.13132,7979825
1/15/2015,4.4,4.4,4.26,4.29,4.018903,17067699
1/16/2015,4.33,4.33,4.22,4.24,3.972063,10901285
1/19/2015,4.25,4.27,4.12,4.16,3.897118,10845250
1/20/2015,4.15,4.25,4.08,4.16,3.897118,13033502
1/21/2015,4.2,4.33,4.18,4.32,4.047007,17390069
1/22/2015,4.33,4.34,4.21,4.31,4.03764,17676136
1/23/2015,4.35,4.48,4.35,4.44,4.159424,30834138
1/26/2015,4.45,4.59,4.42,4.58,4.290577,32288156
1/27/2015,4.49,4.6,4.47,4.5,4.215632,23685000
1/28/2015,4.52,4.56,4.46,4.47,4.187528,11188076
1/29/2015,4.45,4.47,4.43,4.45,4.168792,11526571
1/30/2015,4.43,4.45,4.38,4.4,4.121953,11293766
2/2/2015,4.38,4.42,4.35,4.42,4.140688,7024548
2/3/2015,4.44,4.44,4.33,4.35,4.075111,12464663
2/4/2015,4.39,4.39,4.32,4.35,4.075111,8934652
2/5/2015,4.38,4.4,4.26,4.28,4.009535,12324068
2/6/2015,4.35,4.46,4.3,4.45,4.168792,14531782
2/9/2015,4.44,4.45,4.34,4.44,4.159424,7149107
2/10/2015,4.44,4.44,4.38,4.41,4.13132,6677408
2/11/2015,4.39,4.44,4.32,4.44,4.159424,13727892
2/12/2015,4.4,4.43,4.35,4.39,4.112584,9669660
2/13/2015,4.36,4.45,4.36,4.43,4.150056,8743668
2/16/2015,4.44,4.44,4.35,4.41,4.13132,4158200
2/17/2015,4.44,4.44,4.38,4.42,4.140688,4549770
2/18/2015,4.41,4.44,4.38,4.42,4.140688,4406327
2/23/2015,4.42,4.56,4.33,4.41,4.13132,18692978
2/24/2015,4.41,4.41,4.34,4.35,4.075111,16479144
2/25/2015,4.34,4.4,4.33,4.36,4.08448,8615500
2/26/2015,4.35,4.35,4.24,4.34,4.065744,29270516
2/27/2015,4.33,4.37,4.28,4.3,4.028271,14608076
3/2/2015,4.27,4.34,4.22,4.27,4.000167,12683383
3/3/2015,4.3,4.3,4.19,4.22,3.953326,20647012
3/4/2015,4.2,4.27,4.17,4.21,3.943958,18276376
3/5/2015,4.18,4.25,4.18,4.21,3.943958,19961235
3/6/2015,4.23,4.26,4.15,4.18,3.915854,13834560
3/9/2015,4.18,4.19,4.11,4.16,3.897118,26972495
3/10/2015,4.13,4.16,4.04,4.04,3.784701,23718384
3/11/2015,4.02,4.09,3.98,4.02,3.765965,21931352
3/12/2015,4.02,4.06,3.95,4,3.747229,19947116
3/13/2015,4.05,4.07,3.98,3.99,3.737861,14097435
3/16/2015,4.03,4.06,3.98,4.04,3.784701,14313707
3/17/2015,4.08,4.08,3.99,4.03,3.775333,14322140
3/18/2015,4.04,4.04,4.01,4.03,3.775333,9918203
3/19/2015,4.05,4.22,4.01,4.2,3.93459,26003761
3/20/2015,4.23,4.27,4.19,4.2,3.93459,15915340
3/23/2015,4.23,4.29,4.2,4.23,3.962695,21917020
3/24/2015,4.25,4.25,4.07,4.07,3.812806,27879828
3/25/2015,4.1,4.15,4.06,4.07,3.812806,9798562
3/26/2015,4.11,4.46,4.1,4.39,4.112584,167780400
3/27/2015,4.44,4.44,4.31,4.39,4.112584,33428854
3/30/2015,4.42,4.57,4.42,4.46,4.17816,53951790
3/31/2015,4.48,4.56,4.39,4.41,4.13132,29147317
4/1/2015,4.5,4.5,4.4,4.44,4.159424,26257984
4/2/2015,4.47,4.74,4.44,4.71,4.412362,81777950
4/8/2015,4.71,5.16,4.71,5.13,4.805822,161750927
4/9/2015,5.3,5.58,4.94,5.06,4.740245,153455543
4/10/2015,5.15,5.31,5.12,5.26,4.927606,126776500
4/13/2015,5.45,5.55,5.41,5.53,5.180544,159850202
4/14/2015,5.55,5.56,5.3,5.37,5.030655,80195118
4/15/2015,5.43,5.47,5.21,5.27,4.936974,58720017
4/16/2015,5.22,5.34,5.21,5.29,4.95571,53520725
4/17/2015,5.37,5.48,5.19,5.26,4.927606,44351075
4/20/2015,5.24,5.26,5.02,5.2,4.871397,45892700
4/21/2015,5.33,5.35,5.15,5.25,4.918238,29914500
4/22/2015,5.3,5.35,5.18,5.33,4.993182,45731840
4/23/2015,5.38,5.41,5.25,5.27,4.936974,35419180
4/24/2015,5.24,5.35,5.21,5.34,5.002551,23154790
4/27/2015,5.36,5.36,5.26,5.3,4.965078,30429440
4/28/2015,5.32,5.34,5.25,5.34,5.002551,25784190
4/29/2015,5.34,5.35,5.29,5.35,5.011919,21672500
4/30/2015,5.35,5.48,5.29,5.42,5.077495,72999637
5/4/2015,5.42,5.48,5.37,5.4,5.058759,46241634
5/5/2015,5.47,5.48,5.26,5.33,4.993182,27884484
5/6/2015,5.38,5.42,5.28,5.35,5.011919,22214000
5/7/2015,5.35,5.39,5.29,5.35,5.011919,29263386
5/8/2015,5.48,5.48,5.35,5.39,5.049391,19173252
5/11/2015,5.45,5.48,5.42,5.46,5.114968,16022208
5/12/2015,5.45,5.75,5.44,5.6,5.24612,70078612
5/13/2015,5.68,5.9,5.63,5.79,5.424114,79009498
5/14/2015,5.85,5.89,5.6,5.67,5.311697,34114790
5/15/2015,5.65,5.69,5.53,5.64,5.283593,26329460
5/18/2015,5.71,5.95,5.6,5.94,5.564635,93244000
5/19/2015,5.9,6.05,5.88,5.99,5.611475,72547253
5/20/2015,6,6,5.94,6,5.620843,43645706
5/21/2015,5.97,6.13,5.89,6,5.620843,104410694
5/22/2015,5.99,6.05,5.95,5.96,5.583371,26564532
5/26/2015,5.96,6.11,5.96,6.01,5.630212,60785660
5/27/2015,5.95,6.01,5.8,5.88,5.508427,44981277
5/28/2015,5.95,5.97,5.72,5.84,5.470954,33606300
5/29/2015,5.85,5.95,5.8,5.94,5.564635,155019770
6/1/2015,6,6.19,6,6.06,5.677052,69179637
6/2/2015,6.15,6.15,5.99,6.02,5.639579,29757706
6/3/2015,6,6.01,5.82,5.92,5.545899,23407798
6/4/2015,5.92,6,5.83,5.92,5.545899,31175506
6/5/2015,5.9,5.97,5.83,5.9,5.527163,24390776
6/8/2015,5.86,5.88,5.42,5.65,5.292961,44969503
6/9/2015,5.6,5.65,5.4,5.52,5.171176,26129020
6/10/2015,5.62,5.78,5.54,5.74,5.377274,36886784
6/11/2015,5.67,5.76,5.67,5.75,5.386641,14988385
6/12/2015,5.78,5.88,5.68,5.87,5.499058,13560474
6/15/2015,5.8,5.8,5.71,5.72,5.358537,9684500
6/16/2015,5.77,5.77,5.49,5.5,5.15244,20666000
6/17/2015,5.6,5.67,5.55,5.6,5.24612,17971075
6/18/2015,5.64,5.72,5.61,5.62,5.264857,11050000
6/19/2015,5.6,5.67,5.5,5.53,5.180544,16382498
6/22/2015,5.57,5.59,5.5,5.55,5.19928,7243966
6/23/2015,5.55,5.6,5.49,5.51,5.161808,10696631
6/24/2015,5.56,5.58,5.28,5.3,4.965078,21008412
6/25/2015,5.3,5.6,5.3,5.6,5.24612,22664244
6/26/2015,5.6,5.6,5.34,5.39,5.049391,23277209
6/29/2015,5.45,5.45,5.22,5.32,4.983815,18105748
6/30/2015,5.4,5.45,5.24,5.28,4.946342,20204565
7/2/2015,5.28,5.47,5.25,5.41,5.068127,19276244
7/3/2015,5.38,5.38,5.09,5.16,4.833925,16290000
7/6/2015,5.16,5.34,4.66,4.95,4.637196,31457000
7/7/2015,5.26,5.26,4.5,4.69,4.393626,34446914
7/8/2015,4.68,4.68,4.26,4.41,4.13132,56098878
7/9/2015,4.41,4.89,4.36,4.83,4.524778,31522500
7/10/2015,4.85,5.24,4.85,5.05,4.730876,35784205
7/13/2015,5.1,5.36,5.09,5.23,4.899502,44841020
7/14/2015,5.27,5.36,5.12,5.23,4.899502,36876600
7/15/2015,5.22,5.33,5.04,5.12,4.796453,15955644
7/16/2015,5.22,5.26,5.09,5.16,4.833925,13735558
7/17/2015,5.24,5.36,5.16,5.19,4.86203,11783438
7/20/2015,5.32,5.36,5.19,5.28,4.946342,19616318
7/21/2015,5.38,5.55,5.26,5.43,5.086864,32396730
7/22/2015,5.49,5.55,5.32,5.44,5.096231,18995280
7/23/2015,5.48,5.55,5.44,5.46,5.114968,18630238
7/24/2015,5.46,5.48,5.15,5.21,4.880765,16409177
7/27/2015,5.2,5.2,4.94,4.99,4.674668,20771800
7/28/2015,4.9,5.16,4.89,4.91,4.599723,16722028
7/29/2015,4.87,4.97,4.87,4.91,4.599723,10161918
7/30/2015,4.9,5.06,4.89,4.94,4.627828,11294332
7/31/2015,5.01,5.17,4.95,4.97,4.655932,23999092
8/3/2015,5,5.1,4.91,4.98,4.6653,15014790
8/4/2015,5,5.08,4.9,4.91,4.599723,16355158
8/5/2015,5,5.07,4.9,4.92,4.609092,19846128
8/6/2015,5.05,5.07,4.9,4.92,4.609092,13600535
8/7/2015,4.9,5.01,4.9,4.93,4.618459,13637717
8/10/2015,4.94,4.97,4.85,4.9,4.590355,13822800
8/11/2015,4.96,5.02,4.88,4.95,4.637196,17357850
8/12/2015,4.95,5.06,4.89,5.06,4.740245,16124325
8/13/2015,4.98,4.98,4.7,4.74,4.440465,38054659
8/14/2015,4.76,4.85,4.64,4.66,4.365521,19320500
8/17/2015,4.76,4.76,4.59,4.64,4.346786,13244222
8/18/2015,4.73,4.73,4.57,4.58,4.290577,19655082
8/19/2015,4.66,4.7,4.4,4.41,4.13132,24462382
8/20/2015,4.4,4.5,4.33,4.34,4.065744,26085754
8/21/2015,4.33,4.34,4.15,4.24,3.972063,21293680
8/24/2015,4.1,4.13,3.94,4,3.747229,30725445
8/25/2015,4.02,4.07,3.93,3.97,3.719125,50319889
8/26/2015,3.96,4.12,3.96,4.03,3.775333,14186718
8/27/2015,4.15,4.28,4,4.07,3.812806,34539090
8/28/2015,4.27,4.32,3.95,4.02,3.765965,28731932
8/31/2015,4.16,4.16,3.93,4.07,3.812806,24542998
9/1/2015,4.19,4.19,3.95,4.05,3.794069,19650166
9/2/2015,4.03,4.05,3.96,4.03,3.775333,22113334
9/4/2015,4.03,4.14,4,4.02,3.765965,17779515
9/7/2015,4,4.08,3.96,3.97,3.719125,11447000
9/8/2015,3.97,3.99,3.93,3.98,3.728493,24318417
9/9/2015,4.06,4.13,4.02,4.09,3.831542,25625563
9/10/2015,4.08,4.09,4,4.09,3.831542,13141739
9/11/2015,4.09,4.2,4.02,4.14,3.878382,11270500
9/14/2015,4.2,4.2,4.08,4.19,3.925222,10699192
9/15/2015,4.21,4.21,4.06,4.08,3.822173,13519000
9/16/2015,4.19,4.19,4.03,4.1,3.840909,15833320
9/17/2015,4.16,4.18,4.05,4.09,3.831542,16117066
9/18/2015,4.16,4.21,4.06,4.19,3.925222,17798068
9/21/2015,4.15,4.18,4.06,4.16,3.897118,9562282
9/22/2015,4.24,4.28,4.06,4.14,3.878382,26777620
9/23/2015,4.05,4.12,3.98,4.08,3.822173,11173725
9/24/2015,4.13,4.2,4.04,4.06,3.803437,22929789
9/25/2015,4.1,4.1,3.99,4.04,3.784701,10877874
9/29/2015,4.04,4.04,3.79,3.84,3.59734,25911000
9/30/2015,3.82,3.9,3.8,3.84,3.59734,14360781
10/2/2015,3.84,3.95,3.84,3.9,3.653548,19256658
10/5/2015,4.02,4.02,3.91,3.94,3.69102,12645729
10/6/2015,3.94,4.09,3.94,4.04,3.784701,12986588
10/7/2015,4.07,4.32,4.05,4.32,4.047007,29514610
10/8/2015,4.26,4.33,4.1,4.3,4.028271,23983000
10/9/2015,4.39,4.46,4.29,4.3,4.028271,33586771
10/12/2015,4.35,4.45,4.28,4.35,4.075111,32518717
10/13/2015,4.35,4.51,4.33,4.46,4.17816,18579637
10/14/2015,4.38,4.47,4.31,4.35,4.075111,7489223
10/15/2015,4.35,4.36,4.2,4.34,4.065744,12620538
10/16/2015,4.34,4.44,4.29,4.39,4.112584,13177272
10/19/2015,4.46,4.5,4.39,4.49,4.206264,23165936
10/20/2015,4.47,4.57,4.42,4.55,4.262473,23353217
10/22/2015,4.55,4.55,4.37,4.43,4.150056,16344600
10/23/2015,4.51,4.59,4.49,4.52,4.234369,14268500
10/26/2015,4.5,4.57,4.48,4.5,4.215632,12038314
10/27/2015,4.44,4.52,4.33,4.34,4.065744,47324664
10/28/2015,4.38,4.46,4.26,4.3,4.028271,31577984
10/29/2015,4.3,4.3,4.14,4.25,3.981431,31454973
10/30/2015,4.23,4.31,4.19,4.29,4.018903,17372711
11/2/2015,4.22,4.32,4.15,4.21,3.943958,17866664
11/3/2015,4.26,4.3,4.21,4.26,3.990799,11575273
11/4/2015,4.3,4.3,4.23,4.25,3.981431,16573490
11/5/2015,4.17,4.24,4.17,4.21,3.943958,20157500
11/6/2015,4.3,4.3,4.14,4.16,3.897118,12615132
11/9/2015,4.25,4.25,4.11,4.16,3.897118,13972075
11/10/2015,4.22,4.22,4.03,4.13,3.869014,13242727
11/11/2015,4.1,4.14,4,4.1,3.840909,12303016
11/12/2015,4.11,4.18,4.05,4.11,3.850278,19276686
11/13/2015,4.1,4.17,4,4.03,3.775333,13220319
11/16/2015,3.93,3.95,3.74,3.94,3.69102,24833149
11/17/2015,3.99,3.99,3.88,3.96,3.709757,22987870
11/18/2015,4,4.02,3.89,3.93,3.681652,14420914
11/19/2015,3.92,3.95,3.87,3.92,3.672284,25288999
11/20/2015,3.9,3.92,3.8,3.88,3.634812,26042583
11/23/2015,3.89,3.92,3.82,3.91,3.662916,11730479
11/24/2015,3.84,3.91,3.84,3.9,3.653548,14145544
11/25/2015,3.93,3.95,3.87,3.91,3.662916,6391856
11/26/2015,3.92,3.95,3.86,3.93,3.681652,9194340
11/27/2015,3.93,4.02,3.93,3.95,3.700389,14629000
11/30/2015,4.1,4.1,3.95,4,3.747229,25052356
12/1/2015,4,4.1,4,4.07,3.812806,20809189
12/2/2015,4.09,4.1,4.03,4.07,3.812806,13633575
12/3/2015,4.02,4.09,3.93,4.05,3.794069,13062908
12/4/2015,3.88,3.99,3.86,3.99,3.737861,20438785
12/7/2015,4,4.01,3.93,3.98,3.728493,11761756
12/8/2015,3.94,3.95,3.87,3.92,3.672284,12948368
12/9/2015,3.96,3.98,3.9,3.98,3.728493,18087854
12/10/2015,4,4.05,3.96,4.01,3.756597,15684541
12/11/2015,4.01,4.03,3.91,3.97,3.719125,10898692
12/14/2015,3.88,3.97,3.87,3.95,3.700389,14135628
12/15/2015,3.98,3.99,3.87,3.97,3.719125,15859317
12/16/2015,3.97,3.98,3.89,3.92,3.672284,24416297
12/17/2015,4,4,3.89,3.96,3.709757,13880000
12/18/2015,3.95,4.03,3.94,4,3.747229,56776503
12/21/2015,3.97,4.19,3.96,4.14,3.878382,21571716
12/22/2015,4.2,4.29,4.19,4.21,3.943958,15434396
12/23/2015,4.25,4.38,4.23,4.31,4.03764,15681546
12/24/2015,4.28,4.3,4.27,4.29,4.018903,7363561
12/28/2015,4.29,4.34,4.27,4.31,4.03764,7650000
12/29/2015,4.31,4.55,4.31,4.38,4.103216,13653957
12/30/2015,4.4,4.46,4.34,4.39,4.112584,8961041
12/31/2015,4.44,4.44,4.3,4.33,4.056376,1831217
1/4/2016,4.33,4.38,4.17,4.26,3.990799,13262721
1/5/2016,4.38,4.6,4.32,4.4,4.121953,32433625
1/6/2016,4.43,4.47,4.31,4.38,4.103216,10994509
1/7/2016,4.4,4.4,4.21,4.3,4.028271,19201223
1/8/2016,4.3,4.31,4.14,4.25,3.981431,16917999
1/11/2016,4.3,4.3,4.16,4.26,3.990799,12751044
1/12/2016,4.33,4.37,4.3,4.31,4.03764,15819810
1/13/2016,4.35,4.38,4.2,4.27,4.000167,22155933
1/14/2016,4.26,4.26,4.15,4.23,3.962695,11100403
1/15/2016,4.22,4.28,4.16,4.23,3.962695,25725254
1/18/2016,4.2,4.28,4.08,4.14,3.878382,28479366
1/19/2016,4.15,4.23,4.11,4.21,3.943958,10117000
1/20/2016,4.22,4.26,4.16,4.21,3.943958,20781795
1/21/2016,4.26,4.39,4.16,4.23,3.962695,16158577
1/22/2016,4.3,4.3,4.19,4.24,3.972063,28766388
1/25/2016,4.3,4.44,4.28,4.4,4.121953,14689967
1/26/2016,4.4,4.4,4.34,4.38,4.103216,9660960
1/27/2016,4.35,4.42,4.26,4.33,4.056376,20811522
1/28/2016,4.3,4.4,4.29,4.32,4.047007,15252089
1/29/2016,4.31,4.46,4.3,4.42,4.140688,28882224
2/1/2016,4.38,4.45,4.32,4.4,4.121953,27602222
2/2/2016,4.39,4.46,4.39,4.43,4.150056,17013153
2/3/2016,4.33,4.39,4.32,4.35,4.075111,19818390
2/4/2016,4.4,4.4,4.26,4.29,4.018903,18173254
2/5/2016,4.29,4.38,4.26,4.3,4.028271,17987650
2/11/2016,4.3,4.4,4.11,4.28,4.009535,26017075
2/12/2016,4.2,4.29,4.1,4.24,3.972063,12345447
2/15/2016,4.29,4.35,4.25,4.29,4.018903,15902132
2/16/2016,4.29,4.31,4.22,4.24,3.972063,11927750
2/17/2016,4.25,4.44,4.24,4.32,4.047007,13266672
2/18/2016,4.36,4.52,4.36,4.4,4.121953,22937620
2/19/2016,4.36,4.5,4.35,4.43,4.150056,16143390
2/22/2016,4.4,4.64,4.39,4.55,4.262473,35311062
2/23/2016,4.55,4.65,4.53,4.54,4.253105,16922000
2/24/2016,4.55,4.62,4.49,4.53,4.243737,11855460
2/25/2016,4.6,4.6,4.49,4.53,4.243737,14960760
2/26/2016,4.53,4.55,4.43,4.49,4.206264,13503882
2/29/2016,4.45,4.61,4.44,4.52,4.234369,16142054
3/1/2016,4.52,4.64,4.52,4.55,4.262473,10780945
3/2/2016,4.57,4.7,4.54,4.67,4.37489,22518502
3/3/2016,4.78,4.88,4.73,4.85,4.543515,17994472
3/4/2016,4.85,4.98,4.83,4.97,4.655932,17811933
3/7/2016,4.97,4.99,4.83,4.88,4.57162,22271182
3/8/2016,4.89,5,4.89,4.94,4.627828,17118297
3/9/2016,4.95,5.16,4.94,5.03,4.71214,35499091
3/10/2016,5.06,5.06,4.98,5,4.684036,17646517
3/11/2016,5,5.04,4.96,5,4.684036,7999463
3/14/2016,5.04,5.04,4.86,4.98,4.6653,14240385
3/15/2016,4.92,5.04,4.92,4.97,4.655932,15449953
3/16/2016,5.05,5.05,4.89,5.03,4.71214,10835302
3/17/2016,4.98,5.02,4.94,4.96,4.646564,26925628
3/18/2016,5.02,5.2,5.01,5.11,4.787085,32014147
3/21/2016,5.1,5.23,5.06,5.12,4.796453,16835356
3/22/2016,5.12,5.18,4.99,5.04,4.721509,16676546
3/23/2016,5.08,5.08,5.01,5.05,4.730876,10862706
3/24/2016,5.09,5.12,4.93,5.01,4.693405,16561800
3/29/2016,5.01,5.24,5.01,5.17,4.843293,16107238
3/30/2016,5.42,5.65,5.42,5.62,5.264857,75827398
3/31/2016,5.67,5.89,5.56,5.62,5.264857,52724213
4/1/2016,5.7,5.75,5.53,5.56,5.208648,33725460
4/5/2016,5.56,5.87,5.56,5.87,5.499058,69382415
4/6/2016,5.9,6.03,5.85,5.97,5.592739,58763300
4/7/2016,6.1,6.1,5.81,5.92,5.545899,41820932
4/8/2016,5.85,5.85,5.76,5.82,5.452218,36561215
4/11/2016,5.82,5.97,5.75,5.83,5.461586,25654286
4/12/2016,5.81,5.97,5.81,5.91,5.53653,31656674
4/13/2016,5.96,6.03,5.95,5.99,5.611475,42301863
4/14/2016,6.07,6.07,5.67,5.76,5.39601,35285000
4/15/2016,5.77,5.94,5.76,5.91,5.53653,29493018
4/18/2016,5.94,5.97,5.88,5.9,5.527163,17286436
4/19/2016,5.98,5.98,5.89,5.96,5.583371,11218101
4/20/2016,6,6.05,5.84,6.01,5.630212,38400719
4/21/2016,6.05,6.19,6.04,6.18,5.789469,39711473
4/22/2016,6.11,6.3,6.1,6.2,5.808205,39249150
4/25/2016,6.12,6.2,6.05,6.13,5.742628,28080502
4/26/2016,6.15,6.42,6.15,6.34,5.939358,59200674
4/27/2016,6.31,6.39,6.3,6.34,5.939358,36352562
4/28/2016,6.34,6.36,6.08,6.14,5.751996,36503438
4/29/2016,6.22,6.29,6.12,6.28,5.88315,25181185
5/3/2016,6.28,6.45,6.12,6.2,5.808205,38847255
5/4/2016,6.1,6.14,5.96,6.04,5.658316,52358135
5/5/2016,6.09,6.09,5.87,5.9,5.527163,46161902
5/6/2016,5.86,5.92,5.76,5.82,5.452218,34202001
5/9/2016,5.98,5.99,5.84,5.92,5.545899,13832001
5/10/2016,5.87,6.04,5.85,6.04,5.658316,36047459
5/11/2016,6.1,6.1,6.01,6.05,5.667684,29724499
5/12/2016,6.05,6.13,6.02,6.1,5.714524,40865933
5/13/2016,6.1,6.14,6,6.05,5.667684,28478070
5/16/2016,6.08,6.12,6.07,6.12,5.73326,23854147
5/17/2016,6.12,6.19,6.11,6.14,5.751996,19401000
5/18/2016,6.05,6.18,6.05,6.18,5.789469,21383798
5/19/2016,6.12,6.18,5.93,6,5.620843,19263082
5/20/2016,6.05,6.05,5.96,6.02,5.639579,12672511
5/23/2016,5.98,6.1,5.92,5.94,5.564635,12017967
5/24/2016,6,6,5.93,5.98,5.602108,10124116
5/25/2016,5.95,6.09,5.95,6.02,5.639579,18364199
5/26/2016,5.92,6.05,5.92,5.99,5.730463,13134841
5/27/2016,5.94,5.96,5.81,5.83,5.577396,17988181
5/30/2016,5.86,5.89,5.8,5.89,5.634796,9403506
5/31/2016,5.89,5.99,5.89,5.98,5.720896,21287797
6/1/2016,5.89,5.97,5.88,5.96,5.701763,18178218
6/2/2016,5.98,5.99,5.93,5.95,5.692196,11310407
6/3/2016,5.96,5.98,5.91,5.98,5.720896,13485713
6/6/2016,6.04,6.04,5.98,6,5.74003,16536200
6/7/2016,6,6.13,5.99,6.11,5.845264,26398400
6/8/2016,6.03,6.15,6.03,6.13,5.864398,28095113
6/10/2016,6.13,6.13,5.95,5.98,5.720896,18888132
6/13/2016,5.96,5.99,5.84,5.89,5.634796,14442265
6/14/2016,5.87,5.9,5.84,5.87,5.615663,17456901
6/15/2016,5.86,6,5.81,5.94,5.68263,16600300
6/16/2016,5.92,6,5.91,5.96,5.701763,19326823
6/17/2016,5.98,6.06,5.86,5.9,5.644363,20286857
6/20/2016,6.04,6.04,5.93,5.95,5.692196,8472404
6/21/2016,5.98,6.04,5.88,5.91,5.653929,28670350
6/22/2016,5.93,5.98,5.84,5.9,5.644363,11906343
6/23/2016,6.15,6.15,5.92,6.01,5.749597,33569128
6/24/2016,6.07,6.07,5.76,5.85,5.596529,30723078
6/27/2016,5.95,5.96,5.73,5.92,5.663496,9355592
6/28/2016,5.85,6,5.85,5.94,5.68263,16537922
6/29/2016,5.9,6.02,5.9,5.98,5.720896,17765138
6/30/2016,6,6.1,5.94,6.08,5.816564,35637611
7/4/2016,6.08,6.2,6.08,6.18,5.91223,29383039
7/5/2016,6.2,6.2,6.12,6.15,5.883531,12677400
7/6/2016,6.12,6.15,6.09,6.13,5.864398,21189986
7/7/2016,6.05,6.12,6.04,6.06,5.79743,17388051
7/8/2016,6.11,6.16,6.05,6.07,5.806997,23706900
7/11/2016,6.19,6.19,6.09,6.11,5.845264,21670812
7/12/2016,6.37,6.37,6.17,6.31,6.036598,60126372
7/13/2016,6.36,6.41,6.29,6.31,6.036598,24804012
7/14/2016,6.27,6.31,6.14,6.14,5.873964,23945068
7/15/2016,6.07,6.21,6.07,6.11,5.845264,32464098
7/18/2016,6.15,6.15,6.09,6.11,5.845264,13730041
7/19/2016,6.13,6.21,6.06,6.13,5.864398,16293065
7/20/2016,6.06,6.17,6.06,6.16,5.893097,9036995
7/21/2016,6.16,6.18,6.08,6.11,5.845264,7977838
7/22/2016,6.06,6.08,5.99,6.04,5.778297,8692512
7/25/2016,6.05,6.1,6,6.07,5.806997,5258473
7/26/2016,5.99,6.16,5.99,6.15,5.883531,11646772
7/27/2016,6.21,6.21,6.11,6.15,5.883531,9198790
7/28/2016,6.25,6.25,6.16,6.16,5.893097,20418500
7/29/2016,6.16,6.16,6.06,6.11,5.845264,10879704
8/1/2016,6.15,6.2,6.06,6.2,5.931364,10806572
8/2/2016,6.2,6.2,6.2,6.2,5.931364,0
8/3/2016,6.06,6.15,6.05,6.05,5.787864,13885794
8/4/2016,6.06,6.09,6.02,6.04,5.778297,12915587
8/5/2016,6.06,6.1,6.02,6.03,5.768731,9291415
8/8/2016,6.03,6.1,5.97,5.99,5.730463,15032940
8/9/2016,5.99,6.03,5.96,5.96,5.701763,17022094
8/10/2016,6,6.03,5.9,5.91,5.653929,14902341
8/11/2016,6.03,6.17,5.98,6.08,5.816564,12192816
8/12/2016,6.23,6.23,6,6.09,5.82613,20902000
8/15/2016,6.05,6.16,6,6.11,5.845264,7832444
8/16/2016,6.15,6.2,6.11,6.16,5.893097,19297065
8/17/2016,6.2,6.37,6.15,6.33,6.055732,32996843
8/18/2016,6.39,6.39,6.2,6.21,5.940931,18289192
8/19/2016,6.2,6.25,6.04,6.04,5.778297,19554117
8/22/2016,6.26,6.3,6.02,6.09,5.82613,16521147
8/23/2016,6.05,6.17,6.03,6.17,5.902664,13036187
8/24/2016,6.2,6.26,6.17,6.26,5.988765,25171316
8/25/2016,6.1,6.11,5.9,6,5.74003,1014306709
8/26/2016,6.01,6.1,6,6.07,5.806997,40401259
8/29/2016,6.16,6.17,6.05,6.08,5.816564,19419382
8/30/2016,6.11,6.13,5.95,6.05,5.787864,27331809
8/31/2016,6.13,6.13,6.04,6.1,5.835698,33358099
9/1/2016,6.05,6.12,6.03,6.08,5.864635,23608078
9/2/2016,6.05,6.12,6.05,6.1,5.883926,20998900
9/5/2016,6.14,6.14,6.07,6.1,5.883926,14986648
9/6/2016,6.1,6.12,6.06,6.12,5.903217,14503250
9/7/2016,6.12,6.13,6.02,6.05,5.835698,26769868
9/8/2016,6.14,6.19,6.09,6.18,5.961092,52125147
9/9/2016,6.29,6.35,6.2,6.31,6.086487,55509675
9/12/2016,6.28,6.28,6.17,6.19,5.970738,30845446
9/13/2016,6.25,6.32,6.16,6.2,5.980384,16981917
9/14/2016,6.28,6.28,6.15,6.17,5.951447,18824966
9/15/2016,6.27,6.33,6.23,6.33,6.105779,53817653
9/19/2016,6.33,6.47,6.32,6.42,6.192591,41346929
9/20/2016,6.5,6.5,6.38,6.4,6.173299,30450422
9/21/2016,6.48,6.48,6.38,6.4,6.173299,22133042
9/22/2016,6.46,6.49,6.36,6.39,6.163654,14003250
9/23/2016,6.41,6.43,6.33,6.41,6.182945,11957754
9/26/2016,6.35,6.43,6.23,6.3,6.076842,12322680
9/27/2016,6.23,6.37,6.23,6.37,6.144362,13669731
9/28/2016,6.3,6.35,6.21,6.28,6.05755,19787406
9/29/2016,6.4,6.41,6.31,6.33,6.105779,10433618
9/30/2016,6.25,6.34,6.15,6.24,6.018967,24288056
10/3/2016,6.33,6.34,6.23,6.3,6.076842,7965012
10/4/2016,6.35,6.48,6.3,6.46,6.231174,17978633
10/5/2016,6.47,6.47,6.38,6.39,6.163654,13401663
10/6/2016,6.43,6.59,6.4,6.55,6.317986,33177387
10/7/2016,6.55,6.6,6.5,6.6,6.366215,12555975
10/11/2016,6.6,6.85,6.6,6.8,6.559131,37468981
10/12/2016,6.79,6.88,6.7,6.8,6.559131,20632163
10/13/2016,6.8,6.95,6.65,6.67,6.433736,16393969
10/14/2016,6.74,6.74,6.61,6.68,6.443381,13965697
10/17/2016,6.65,6.83,6.61,6.83,6.588068,17020271
10/18/2016,6.85,7.04,6.77,6.96,6.713463,31950205
10/19/2016,7.04,7.1,6.98,7.06,6.809921,33641205
10/20/2016,7.1,7.11,6.98,7,6.752047,20905401
10/21/2016,7,7,7,7,6.752047,0
10/24/2016,7.13,7.2,6.97,7.2,6.944962,32071113
10/25/2016,7.21,7.21,7.01,7.03,6.780983,21340443
10/26/2016,7.04,7.04,6.85,6.86,6.617005,27516041
10/27/2016,6.94,6.96,6.67,6.79,6.549485,26249265
10/28/2016,6.3,6.3,6.18,6.23,6.009321,1124648007
10/31/2016,6.29,6.34,6.25,6.29,6.067195,78516611
11/1/2016,6.28,6.33,6.21,6.29,6.067195,28755233
11/2/2016,6.27,6.28,6.13,6.18,5.961092,32417973
11/3/2016,6.28,6.28,6.19,6.24,6.018967,24866676
11/4/2016,6.23,6.24,6.16,6.2,5.980384,31604754
11/7/2016,6.26,6.39,6.22,6.39,6.163654,56664620
11/8/2016,6.58,6.58,6.36,6.4,6.173299,58371401
11/9/2016,6.48,6.48,6.18,6.28,6.05755,46105512
11/10/2016,6.39,6.58,6.36,6.54,6.308341,64749374
11/11/2016,6.58,6.58,6.44,6.49,6.260111,106851465
11/14/2016,6.41,6.42,6.18,6.24,6.018967,93288196
11/15/2016,6.3,6.36,6.2,6.36,6.134717,42748523
11/16/2016,6.47,6.47,6.3,6.44,6.211883,43713076
11/17/2016,6.4,6.4,6.2,6.27,6.047904,34196816
11/18/2016,6.38,6.41,6.32,6.38,6.154008,30306763
11/21/2016,6.39,6.39,6.24,6.24,6.018967,25321222
11/22/2016,6.31,6.31,6.2,6.25,6.028613,30580734
11/23/2016,6.3,6.31,6.16,6.19,5.970738,21068763
11/24/2016,6.14,6.34,6.13,6.21,5.99003,11663678
11/25/2016,6.21,6.31,6.21,6.31,6.086487,12247982
11/28/2016,6.33,6.35,6.28,6.31,6.086487,17263548
11/29/2016,6.33,6.33,6.24,6.33,6.105779,25321892
11/30/2016,6.28,6.45,6.28,6.45,6.221529,75931914
12/1/2016,6.31,6.42,6.25,6.26,6.038259,28715418
12/2/2016,6.36,6.36,6.21,6.27,6.047904,25203543
12/5/2016,6.32,6.43,6.22,6.35,6.12507,38495277
12/6/2016,6.41,6.41,6.27,6.34,6.115425,41008856
12/7/2016,6.39,6.48,6.34,6.45,6.221529,41652817
12/8/2016,6.54,6.62,6.47,6.51,6.279403,45935162
12/9/2016,6.7,6.7,6.52,6.61,6.375861,56469167
12/12/2016,6.72,6.72,6.56,6.6,6.366215,30676738
12/13/2016,6.7,6.73,6.6,6.7,6.462673,38857671
12/14/2016,6.7,6.74,6.56,6.58,6.346923,26761419
12/15/2016,6.69,6.69,6.38,6.53,6.298695,26043235
12/16/2016,6.47,6.52,6.39,6.49,6.260111,24598923
12/19/2016,6.41,6.48,6.27,6.33,6.105779,14003609
12/20/2016,6.39,6.41,6.24,6.24,6.018967,15216495
12/21/2016,6.2,6.31,6.14,6.25,6.028613,26592041
12/22/2016,6.31,6.32,6.17,6.24,6.018967,14659372
12/23/2016,6.27,6.38,6.18,6.22,5.999675,16952593
12/28/2016,6.22,6.31,6.19,6.28,6.05755,14329923
12/29/2016,6.22,6.25,6.02,6.22,5.999675,21439432
12/30/2016,6.19,6.28,6.14,6.27,6.047904,10267566
1/3/2017,6.27,6.31,6.19,6.22,5.999675,10795050
1/4/2017,6.19,6.28,6.19,6.28,6.05755,12632355
1/5/2017,6.21,6.31,6.21,6.29,6.067195,18410396
1/6/2017,6.32,6.32,6.13,6.13,5.912863,23084153
1/9/2017,6.13,6.22,6.07,6.13,5.912863,20889569
1/10/2017,6.18,6.25,6.16,6.25,6.028613,15389825
1/11/2017,6.3,6.37,6.22,6.36,6.134717,24887283
1/12/2017,6.34,6.45,6.21,6.26,6.038259,30914706
1/13/2017,6.25,6.36,6.24,6.34,6.115425,10443000
1/16/2017,6.3,6.31,6.16,6.19,5.970738,10104332
1/17/2017,6.19,6.22,6.09,6.13,5.912863,27400184
1/18/2017,6.15,6.18,6.11,6.16,5.941801,13359852
1/19/2017,6.18,6.23,6.12,6.19,5.970738,14177820
1/20/2017,6.12,6.16,6.01,6.03,5.816406,22502402
1/23/2017,6,6.01,5.73,5.75,5.546324,58302968
1/24/2017,5.7,5.75,5.66,5.72,5.517386,47874400
1/25/2017,5.7,5.99,5.69,5.9,5.69101,47250701
1/26/2017,5.95,6,5.91,5.99,5.777822,27755920
1/27/2017,5.95,5.95,5.82,5.92,5.710302,10568655
2/1/2017,5.92,5.92,5.75,5.88,5.671719,13817953
2/2/2017,5.9,5.9,5.82,5.88,5.671719,18039633
2/3/2017,5.8,5.92,5.8,5.91,5.700656,18174312
2/6/2017,5.95,6.03,5.87,5.91,5.700656,17711619
2/7/2017,5.92,5.94,5.85,5.89,5.681364,18695517
2/8/2017,5.89,5.89,5.73,5.84,5.633136,33305419
2/9/2017,5.8,5.9,5.8,5.87,5.662073,34127695
2/10/2017,5.98,5.99,5.89,5.96,5.748885,45318436
2/13/2017,5.91,6,5.9,5.98,5.768177,24315500
2/14/2017,5.95,5.99,5.93,5.98,5.768177,24311170
2/15/2017,6.01,6.07,5.93,5.96,5.748885,28564568
2/16/2017,5.99,5.99,5.93,5.95,5.739239,22383945
2/17/2017,5.97,6.11,5.95,6.02,5.80676,27843383
2/20/2017,6.06,6.09,6.02,6.04,5.826051,18427127
2/21/2017,6.09,6.1,6.03,6.04,5.826051,16013376
2/22/2017,6.03,6.14,6.03,6.14,5.922509,23123957
2/23/2017,6.14,6.14,6.07,6.1,5.883926,24162609
2/24/2017,6.08,6.1,6.05,6.06,5.845343,18039981
2/27/2017,6.05,6.12,6.04,6.07,5.854989,19763887
2/28/2017,6.09,6.12,6.05,6.07,5.854989,35518727
3/1/2017,6.1,6.14,6.06,6.12,5.903217,19659086
3/2/2017,6.1,6.12,6.05,6.09,5.87428,25750702
3/3/2017,6.02,6.05,5.99,6.02,5.80676,15737605
3/6/2017,6.14,6.14,6.01,6.02,5.80676,20015961
3/7/2017,6.12,6.17,6,6.15,5.932155,26570681
3/8/2017,6.08,6.15,6.06,6.09,5.87428,18735911
3/9/2017,6.12,6.12,6.06,6.08,5.864635,14794596
3/10/2017,6.03,6.08,6,6.03,5.816406,15200383
3/13/2017,6.01,6.03,5.93,5.95,5.739239,17354088
3/14/2017,5.93,6.03,5.91,6.01,5.797114,15602760
3/15/2017,5.92,6.04,5.92,5.94,5.729594,11741582
3/16/2017,6.01,6.01,5.91,5.96,5.748885,21909195
3/17/2017,5.91,5.97,5.88,5.95,5.739239,26266283
3/20/2017,5.94,5.97,5.85,5.94,5.729594,11197414
3/21/2017,6,6.18,5.93,6.02,5.80676,34215500
3/22/2017,5.99,6.06,5.95,6.06,5.845343,36740748
3/23/2017,6.23,6.72,6.23,6.66,6.424089,123642416
3/24/2017,6.7,6.8,6.59,6.65,6.414444,38253314
3/27/2017,6.68,6.7,6.52,6.55,6.317986,38932578
3/28/2017,6.6,6.75,6.58,6.68,6.443381,32368026
3/29/2017,6.75,6.75,6.64,6.69,6.453027,30394360
3/30/2017,6.68,6.71,6.6,6.68,6.443381,34310116
3/31/2017,6.7,6.74,6.63,6.7,6.462673,43981240
4/3/2017,6.75,6.76,6.64,6.76,6.520548,22864835
4/5/2017,6.76,6.86,6.71,6.86,6.617005,68202459
4/6/2017,6.86,6.86,6.75,6.8,6.559131,27764600
4/7/2017,6.73,6.83,6.73,6.81,6.568776,26627418
4/10/2017,6.85,6.88,6.76,6.87,6.626651,17575678
4/11/2017,6.8,6.91,6.8,6.9,6.655589,44207412
4/12/2017,6.95,6.95,6.81,6.81,6.568776,19071759
4/13/2017,6.85,6.89,6.78,6.88,6.636297,13838690
4/18/2017,6.88,6.89,6.79,6.89,6.645943,43193302
4/19/2017,6.85,6.85,6.64,6.85,6.607359,23868610
4/20/2017,6.81,6.89,6.76,6.89,6.645943,22932503
4/21/2017,6.9,6.99,6.86,6.94,6.694172,25273769
4/24/2017,6.9,6.9,6.73,6.78,6.539839,16325880
4/25/2017,6.79,6.85,6.75,6.84,6.597714,15036331
4/26/2017,6.88,6.88,6.75,6.79,6.549485,15412763
4/27/2017,6.78,6.92,6.78,6.92,6.67488,24850224
4/28/2017,6.99,7,6.68,6.95,6.703817,82815155
5/2/2017,6.95,7.04,6.91,7,6.752047,63943587
5/4/2017,7,7,6.83,6.86,6.617005,33425075
5/5/2017,6.85,6.91,6.79,6.79,6.549485,31698905
5/8/2017,6.79,6.84,6.73,6.77,6.530193,26233745
5/9/2017,6.98,6.98,6.78,6.8,6.559131,45174881
5/10/2017,6.78,6.88,6.78,6.82,6.578423,46773791
5/11/2017,6.8,6.84,6.74,6.79,6.549485,33347391
5/12/2017,6.83,6.87,6.78,6.83,6.588068,47935477
5/15/2017,6.85,6.85,6.75,6.83,6.588068,25351686
5/16/2017,6.87,6.87,6.78,6.83,6.588068,44729666
5/17/2017,6.85,6.85,6.79,6.83,6.588068,28322326
5/18/2017,6.83,6.86,6.77,6.85,6.607359,49363448
5/19/2017,6.88,6.98,6.85,6.96,6.713463,45533610
5/22/2017,6.75,6.98,6.75,6.95,6.703817,1060958648
5/23/2017,6.98,7,6.9,7,6.752047,54336289
5/24/2017,6.97,7.02,6.96,7.02,6.771338,44434280
5/25/2017,7.15,7.17,7.06,7.13,6.877441,76761272
5/26/2017,6.98,7.17,6.96,7.09,7.046396,54429693
5/29/2017,7.12,7.2,7.1,7.2,7.155719,38977764
5/31/2017,7.2,7.3,7.13,7.3,7.255105,91427885
6/1/2017,7.24,7.35,7.23,7.29,7.245166,69683430
6/2/2017,7.35,7.39,7.28,7.39,7.344551,62843799
6/5/2017,7.43,7.49,7.34,7.49,7.443936,45417430
6/6/2017,7.47,7.59,7.44,7.58,7.533382,64648120
6/7/2017,7.58,7.58,7.35,7.36,7.314735,60181116
6/8/2017,7.38,7.52,7.36,7.46,7.414121,36849685
6/9/2017,7.52,7.52,7.16,7.36,7.314735,112014112
6/12/2017,7.31,7.45,7.26,7.3,7.255105,30418458
6/13/2017,7.34,7.48,7.33,7.48,7.433998,30807359
6/14/2017,7.65,7.65,7.48,7.53,7.48369,51818712
6/15/2017,7.45,7.47,7.38,7.45,7.404182,20976113
6/16/2017,7.4,7.56,7.4,7.5,7.453875,36177374
6/19/2017,7.52,7.53,7.43,7.53,7.48369,29468734
6/20/2017,7.53,7.54,7.49,7.5,7.453875,24300495
6/21/2017,7.43,7.45,7.34,7.4,7.35449,47772569
6/22/2017,7.4,7.54,7.38,7.42,7.374367,31017701
6/23/2017,7.5,7.64,7.45,7.63,7.583075,50662176
6/26/2017,7.55,7.62,7.46,7.6,7.553259,26406527
6/27/2017,7.6,7.7,7.56,7.7,7.652644,29861156
6/28/2017,7.71,7.8,7.68,7.8,7.75203,38566054
6/29/2017,7.8,7.86,7.77,7.86,7.811661,47020911
6/30/2017,7.86,7.88,7.78,7.88,7.831538,46270607
7/3/2017,7.88,7.88,7.72,7.75,7.702337,27205590
7/4/2017,7.82,7.86,7.65,7.71,7.662583,19152890
7/5/2017,7.75,7.85,7.63,7.7,7.652644,24248318
7/6/2017,7.8,7.86,7.7,7.86,7.811661,30046104
7/7/2017,7.74,7.92,7.74,7.91,7.861353,22590859
7/10/2017,7.95,7.95,7.74,7.79,7.742091,16068391
7/11/2017,7.79,7.88,7.74,7.75,7.702337,22499994
7/12/2017,7.8,7.82,7.63,7.66,7.61289,30771777
7/13/2017,7.7,7.76,7.61,7.64,7.593013,29640207
7/14/2017,7.7,7.89,7.68,7.85,7.801722,18415791
7/17/2017,7.9,7.9,7.5,7.58,7.533382,48170351
7/18/2017,7.58,7.65,7.51,7.58,7.533382,52227134
7/19/2017,7.6,7.67,7.55,7.57,7.523444,21451454
7/20/2017,7.65,7.65,7.56,7.59,7.543321,34518565
7/21/2017,7.65,7.65,7.57,7.6,7.553259,16304954
7/24/2017,7.6,7.65,7.55,7.62,7.573136,20581313
7/25/2017,7.7,7.76,7.64,7.67,7.622829,17661718
7/26/2017,7.7,7.75,7.64,7.7,7.652644,18271899
7/27/2017,7.68,7.76,7.58,7.6,7.553259,22755293
7/28/2017,7.68,7.68,7.5,7.55,7.503567,12274993
7/31/2017,7.48,7.5,7.3,7.33,7.28492,39738774
8/1/2017,7.4,7.5,7.32,7.38,7.334613,29754421
8/2/2017,7.38,7.39,7.34,7.35,7.304797,20438045
8/3/2017,7.46,7.53,7.36,7.49,7.443936,32445912
8/4/2017,7.43,7.47,7.35,7.44,7.394244,23339533
8/7/2017,7.5,7.5,7.37,7.4,7.35449,14791098
8/8/2017,7.49,7.51,7.42,7.49,7.443936,18147881
8/9/2017,7.5,7.7,7.49,7.59,7.543321,32645002
8/10/2017,7.6,7.71,7.56,7.68,7.632767,43203016
8/11/2017,7.6,7.62,7.41,7.5,7.453875,32574303
8/14/2017,7.49,7.59,7.42,7.5,7.453875,28766617
8/15/2017,7.5,8,7.49,7.85,7.801722,102347860
8/16/2017,7.96,8.25,7.92,7.98,7.930923,73549266
8/17/2017,8.4,8.45,8.14,8.2,8.14957,113950560
8/18/2017,8.03,8.05,7.82,7.94,7.891169,61908297
8/21/2017,7.9,8.03,7.86,7.94,7.891169,29410180
8/22/2017,7.99,8.02,7.92,7.99,7.940861,21506615
8/23/2017,7.99,7.99,7.99,7.99,7.940861,0
8/24/2017,7.96,8.15,7.93,8.06,8.010431,53824648
8/25/2017,8.07,8.19,8.05,8.13,8.08,57935743
8/28/2017,8.21,8.31,8.18,8.26,8.209201,42398123
8/29/2017,8.21,8.32,8.21,8.29,8.239016,42336427
8/30/2017,8.38,8.38,8.13,8.26,8.209201,58871980
8/31/2017,8.24,8.24,8.09,8.18,8.129693,59584302
9/1/2017,8.14,8.47,8.13,8.41,8.358277,358744429
9/4/2017,8.35,8.5,8.25,8.35,8.298647,129815397
9/5/2017,8.35,8.35,8.19,8.3,8.248955,30068598
9/6/2017,8.12,8.27,8.12,8.17,8.119754,35543913
9/7/2017,8.2,8.25,8.1,8.15,8.099876,23361458
9/8/2017,8.12,8.18,8.09,8.15,8.099876,25644966
9/11/2017,8.18,8.35,8.13,8.29,8.239016,32207584
9/12/2017,8.3,8.3,8.19,8.29,8.239016,41565608
9/13/2017,8.21,8.23,8.04,8.2,8.14957,33363722
9/14/2017,8.09,8.2,8.01,8.16,8.109816,31388126
9/15/2017,8.09,8.13,8.03,8.08,8.030308,29093725
9/18/2017,8.04,8.16,8.04,8.13,8.08,13209620
9/19/2017,8.15,8.15,7.95,8.06,8.06,23664869
9/20/2017,8.08,8.09,7.86,7.9,7.9,40775171
9/21/2017,7.92,7.99,7.79,7.97,7.97,39039998
9/22/2017,7.97,8.05,7.83,8.05,8.05,29423968
9/25/2017,7.96,8,7.87,7.93,7.93,27487462
9/26/2017,8,8.01,7.85,7.88,7.88,34006852
9/27/2017,7.93,8.02,7.87,7.98,7.98,31434473
9/28/2017,8.04,8.05,7.98,8,8,15712284
9/29/2017,8.1,8.36,7.94,8.3,8.3,50324259
10/3/2017,8.3,8.6,8.22,8.29,8.29,33961651
10/4/2017,8.27,8.39,8.23,8.3,8.3,15644870
10/6/2017,8.3,8.36,8.26,8.35,8.35,27121658
10/9/2017,8.46,8.57,8.35,8.42,8.42,46777309
10/10/2017,8.47,8.65,8.39,8.63,8.63,68318989
10/11/2017,8.56,8.58,8.08,8.2,8.2,70416562
10/12/2017,8.13,8.16,7.82,7.98,7.98,68922107
10/13/2017,7.98,7.98,7.85,7.92,7.92,47008371
10/16/2017,8.01,8.03,7.85,7.9,7.9,21580079
10/17/2017,7.88,7.96,7.79,7.89,7.89,30275533
10/18/2017,7.85,7.97,7.81,7.94,7.94,28797368
10/19/2017,7.94,7.94,7.7,7.77,7.77,36791650
10/20/2017,7.8,7.87,7.73,7.81,7.81,21498806
10/23/2017,7.8,7.8,7.62,7.68,7.68,25245281
10/24/2017,7.63,7.75,7.54,7.57,7.57,45223942
10/25/2017,7.65,7.88,7.65,7.81,7.81,39051202
10/26/2017,7.77,7.91,7.73,7.91,7.91,19496931
10/27/2017,7.98,7.98,7.82,7.85,7.85,21356759
10/30/2017,7.89,7.89,7.72,7.82,7.82,18189226
10/31/2017,7.92,8.04,7.85,7.9,7.9,36187668
11/1/2017,7.96,7.98,7.8,7.9,7.9,34021916
11/2/2017,7.9,7.97,7.85,7.87,7.87,26078015
11/3/2017,7.83,7.92,7.81,7.84,7.84,19837416
11/6/2017,7.95,7.95,7.6,7.91,7.91,35343289
11/7/2017,7.93,7.94,7.79,7.92,7.92,48004766
11/8/2017,7.9,7.92,7.7,7.74,7.74,39725292
11/9/2017,7.74,7.9,7.72,7.9,7.9,35624601
11/10/2017,7.85,7.9,7.74,7.84,7.84,25043048
11/13/2017,7.9,7.92,7.81,7.88,7.88,21121115
11/14/2017,7.89,7.98,7.83,7.93,7.93,31683173
11/15/2017,7.96,7.96,7.79,7.87,7.87,19103390
11/16/2017,7.84,7.88,7.78,7.85,7.85,19279066
11/17/2017,7.93,7.93,7.68,7.7,7.7,27288983
11/20/2017,7.8,7.8,7.59,7.62,7.62,24409766
11/21/2017,7.66,7.77,7.61,7.75,7.75,40338706
11/22/2017,7.75,7.83,7.61,7.7,7.7,29915330
11/23/2017,7.79,7.83,7.74,7.83,7.83,35140912
11/24/2017,7.83,8.1,7.81,8.1,8.1,36214681
11/27/2017,8.04,8.32,7.92,8.28,8.28,52166971
11/28/2017,8.16,8.38,8.11,8.3,8.3,33801071
11/29/2017,8.33,8.4,8.22,8.35,8.35,30110552
11/30/2017,8.35,8.35,8.16,8.29,8.29,97941176
12/1/2017,8.3,8.3,7.96,8.11,8.11,46065216
12/4/2017,8.12,8.4,8.1,8.39,8.39,43570701
12/5/2017,8.42,8.42,8.24,8.28,8.28,36174383
12/6/2017,8.33,8.52,8.25,8.29,8.29,41021485
12/7/2017,8.36,8.42,8.25,8.38,8.38,47215171
12/8/2017,8.4,8.7,8.4,8.68,8.68,61138487
12/11/2017,8.69,8.88,8.6,8.84,8.84,44706919
12/12/2017,8.97,8.97,8.53,8.57,8.57,32478822
12/13/2017,8.35,8.79,8.35,8.77,8.77,29159131
12/14/2017,8.65,8.72,8.5,8.6,8.6,31329675
12/15/2017,8.51,8.58,8.34,8.42,8.42,41538351
12/18/2017,8.31,8.49,8.31,8.45,8.45,17274672
12/19/2017,8.45,8.6,8.19,8.5,8.5,31263804
12/20/2017,8.58,8.8,8.49,8.63,8.63,25656254
12/21/2017,9.31,9.31,8.65,8.76,8.76,29162531
12/22/2017,8.7,8.88,8.64,8.88,8.88,12836194
12/27/2017,8.88,8.93,8.69,8.93,8.93,14369072
12/28/2017,8.92,9.06,8.79,8.96,8.96,27940780
12/29/2017,8.92,8.93,8.8,8.82,8.82,25601059
1/2/2018,8.82,9.04,8.82,9,9,16593646
1/3/2018,9,9.22,9,9.2,9.2,29313502
1/4/2018,9.26,9.26,8.91,8.94,8.94,31309265
1/5/2018,9.07,9.07,8.89,9.05,9.05,18446007
1/8/2018,9.16,9.16,8.98,9.03,9.03,23969285
1/9/2018,9.16,9.16,8.86,8.87,8.87,32101579
1/10/2018,8.83,9.19,8.78,9.16,9.16,48850480
1/11/2018,9.08,9.17,9.02,9.12,9.12,29528324
1/12/2018,9.18,9.2,8.89,8.95,8.95,30177060
1/15/2018,8.95,8.98,8.85,8.9,8.9,27471429
1/16/2018,8.78,9.02,8.78,8.96,8.96,21438924
1/17/2018,8.88,8.94,8.72,8.88,8.88,31826626
1/18/2018,8.87,8.89,8.76,8.76,8.76,33407484
1/19/2018,8.71,8.99,8.71,8.99,8.99,24216056
1/22/2018,8.97,9.07,8.85,8.99,8.99,22085606
1/23/2018,8.95,9.06,8.92,9.06,9.06,19579766
1/24/2018,9.1,9.18,8.98,9.14,9.14,25317421
1/25/2018,9.2,9.48,9.09,9.24,9.24,32334096
1/26/2018,9.37,9.37,9.13,9.28,9.28,28728429
1/29/2018,9.27,9.35,9.1,9.26,9.26,20998717
1/30/2018,9.3,9.47,9.22,9.3,9.3,30578689
1/31/2018,9.39,9.86,9.34,9.69,9.69,86770634
2/1/2018,9.75,9.88,9.66,9.74,9.74,158368844
2/2/2018,9.68,9.72,9.56,9.6,9.6,44202512
2/5/2018,9.3,9.46,9.25,9.33,9.33,54010347
2/6/2018,9.14,9.39,9,9.12,9.12,111099023
2/7/2018,9,9.19,8.96,9.04,9.04,72410223
2/8/2018,9.36,9.36,8.99,9.07,9.07,27631440
2/9/2018,8.72,8.94,8.51,8.63,8.63,91893689
2/12/2018,8.62,8.83,8.57,8.71,8.71,49307293
2/13/2018,8.83,9.12,8.75,9.1,9.1,43812420
2/14/2018,9,9.19,9,9.05,9.05,21279822
2/15/2018,9.1,9.18,8.9,8.99,8.99,19217457
2/20/2018,8.99,9.11,8.84,9.05,9.05,36525174
2/21/2018,9.1,9.36,9.09,9.35,9.35,19184126
2/22/2018,9.16,9.4,9.06,9.38,9.38,52131883
2/23/2018,9.35,9.45,9.29,9.39,9.39,26781821
2/26/2018,9.44,9.68,9.28,9.65,9.65,33666354
2/27/2018,9.88,9.9,9.41,9.47,9.47,61974570
2/28/2018,9.6,9.7,9.29,9.7,9.7,39065042
3/1/2018,9.22,9.64,9.22,9.6,9.6,36266403
3/2/2018,9.34,9.53,9.31,9.48,9.48,36217379
3/5/2018,9.6,9.62,9.23,9.27,9.27,64394171
3/6/2018,9.29,9.47,9.25,9.25,9.25,38890172
3/7/2018,9.11,9.51,9.1,9.2,9.2,39720213
3/8/2018,9.26,9.4,9.2,9.33,9.33,21179616
