Date,Open,High,Low,Close,Volume
3/8/2018,10.8921,10.8981,10.8079,10.8298,0
3/7/2018,10.8783,10.9004,10.8487,10.8922,0
3/6/2018,10.8483,10.9133,10.8225,10.8788,0
3/5/2018,10.7913,10.8679,10.7808,10.8469,0
3/2/2018,10.7845,10.8198,10.7698,10.8101,0
3/1/2018,10.7707,10.7915,10.733,10.7838,0
2/28/2018,10.8884,10.8951,10.7658,10.7695,0
2/27/2018,10.927,10.9553,10.8468,10.8872,0
2/26/2018,10.9325,11.0091,10.8976,10.9278,0
2/23/2018,10.92,10.9589,10.8788,10.9276,0
2/22/2018,10.8924,10.9454,10.8424,10.9239,0
2/21/2018,10.9518,10.9623,10.8806,10.8913,0
2/20/2018,10.9541,10.9741,10.8985,10.9506,0
2/19/2018,10.9769,10.9909,10.9175,10.9545,0
2/16/2018,11.0267,11.0643,10.9493,10.9844,0
2/15/2018,10.9499,11.0315,10.944,11.0258,0
2/14/2018,10.8696,10.9656,10.7936,10.9499,0
2/13/2018,10.8198,10.8927,10.8165,10.8679,0
2/12/2018,10.8099,10.8528,10.7882,10.8203,0
2/9/2018,10.8825,10.9398,10.763,10.8183,0
2/8/2018,10.8537,10.9991,10.8261,10.8825,0
2/7/2018,10.9068,10.9428,10.8271,10.8529,0
2/6/2018,10.9172,10.9477,10.8178,10.9058,0
2/5/2018,11.0511,11.0668,10.9131,10.9164,0
2/2/2018,11.1544,11.1661,11.0292,11.0458,0
2/1/2018,11.1017,11.1653,11.073,11.1547,0
1/31/2018,11.0649,11.1331,11.0421,11.1021,0
1/30/2018,11.0024,11.0789,10.9292,11.0637,0
1/29/2018,11.0719,11.0719,10.9655,11.0032,0
1/26/2018,11.0594,11.1708,11.0298,11.0775,0
1/25/2018,11.1362,11.2154,11.0078,11.0558,0
1/24/2018,10.9459,11.1512,10.9439,11.1357,0
1/23/2018,10.9355,10.967,10.8791,10.9472,0
1/22/2018,10.8423,10.9381,10.8334,10.9363,0
1/19/2018,10.8626,10.9038,10.8205,10.8271,0
1/18/2018,10.8135,10.8776,10.7935,10.8598,0
1/17/2018,10.7902,10.9026,10.7579,10.8103,0
1/16/2018,10.7884,10.8029,10.7507,10.7899,0
1/15/2018,10.7416,10.8148,10.7373,10.7902,0
1/12/2018,10.5904,10.7507,10.5885,10.7398,0
1/11/2018,10.5651,10.6044,10.5269,10.5908,0
1/10/2018,10.59,10.6107,10.5477,10.566,0
1/9/2018,10.6126,10.6254,10.562,10.5895,0
1/8/2018,10.6118,10.6276,10.5774,10.6112,0
1/5/2018,10.5929,10.623,10.5763,10.6107,0
1/4/2018,10.5641,10.6032,10.5578,10.5943,0
1/3/2018,10.6197,10.6426,10.5494,10.5645,0
1/2/2018,10.5526,10.6316,10.5472,10.6189,0
1/1/2018,10.5587,10.5649,10.5423,10.5501,0
12/29/2017,10.5072,10.5895,10.4951,10.5587,0
12/28/2017,10.4642,10.5184,10.4595,10.5071,0
12/27/2017,10.4476,10.4958,10.4418,10.4638,0
12/26/2017,10.4517,10.4616,10.4241,10.4467,0
12/25/2017,10.4422,10.4723,10.4371,10.4501,0
12/22/2017,10.4665,10.474,10.4355,10.4465,0
12/21/2017,10.4637,10.4739,10.4268,10.4658,0
12/20/2017,10.4614,10.5008,10.4608,10.4637,0
12/19/2017,10.4603,10.4827,10.4218,10.4621,0
12/18/2017,10.417,10.488,10.3959,10.4602,0
12/15/2017,10.4867,10.5073,10.3956,10.4054,0
12/14/2017,10.4726,10.5177,10.4495,10.4869,0
12/13/2017,10.3968,10.4753,10.3911,10.4735,0
12/12/2017,10.4128,10.4462,10.3864,10.397,0
12/11/2017,10.4527,10.4878,10.4065,10.4128,0
12/8/2017,10.521,10.5576,10.4235,10.4522,0
12/7/2017,10.4643,10.5312,10.404,10.5196,0
12/6/2017,10.507,10.5126,10.4351,10.4639,0
12/5/2017,10.5382,10.5414,10.4521,10.5078,0
12/4/2017,10.5311,10.5807,10.4858,10.5386,0
12/1/2017,10.5633,10.5845,10.5031,10.5256,0
11/30/2017,10.4695,10.5823,10.4678,10.564,0
11/29/2017,10.4073,10.5007,10.4073,10.4706,0
11/28/2017,10.3842,10.4473,10.3158,10.4093,0
11/27/2017,10.4139,10.4418,10.383,10.3885,0
11/24/2017,10.3956,10.4342,10.3697,10.4145,0
11/23/2017,10.4084,10.4162,10.3737,10.3955,0
11/22/2017,10.3415,10.4128,10.3216,10.4092,0
11/21/2017,10.3384,10.3651,10.3211,10.3415,0
11/20/2017,10.3235,10.3735,10.3003,10.3384,0
11/17/2017,10.3053,10.3583,10.2882,10.3204,0
11/16/2017,10.2826,10.3149,10.2567,10.3049,0
11/15/2017,10.2724,10.3162,10.2461,10.2821,0
11/14/2017,10.2319,10.2902,10.2019,10.2721,0
11/13/2017,10.2846,10.2964,10.1882,10.2325,0
11/10/2017,10.2526,10.3244,10.2301,10.2899,0
11/9/2017,10.2269,10.2691,10.2043,10.2526,0
11/8/2017,10.2752,10.2828,10.2025,10.2269,0
11/7/2017,10.2761,10.2841,10.2288,10.2764,0
11/6/2017,10.2088,10.2805,10.1887,10.2765,0
11/3/2017,10.1878,10.247,10.1746,10.2023,0
11/2/2017,10.3313,10.3752,10.1774,10.1875,0
11/1/2017,10.3636,10.3945,10.3276,10.3323,0
10/31/2017,10.2984,10.3687,10.2897,10.3623,0
10/30/2017,10.2386,10.3096,10.2278,10.3012,0
10/27/2017,10.2692,10.2712,10.1996,10.2455,0
10/26/2017,10.3496,10.3636,10.2567,10.2682,0
10/25/2017,10.2485,10.3573,10.2309,10.3496,0
10/24/2017,10.2964,10.3207,10.2332,10.2517,0
10/23/2017,10.2884,10.3216,10.2665,10.295,0
10/20/2017,10.265,10.3029,10.211,10.2907,0
10/19/2017,10.3129,10.3308,10.2451,10.2649,0
10/18/2017,10.299,10.3155,10.2593,10.3118,0
10/17/2017,10.3448,10.3758,10.2712,10.2995,0
10/16/2017,10.39,10.397,10.3253,10.3445,0
10/13/2017,10.3551,10.4134,10.3433,10.3728,0
10/12/2017,10.3247,10.3796,10.2459,10.3546,0
10/11/2017,10.3054,10.3339,10.2833,10.3239,0
10/10/2017,10.259,10.3219,10.2508,10.3046,0
10/9/2017,10.2015,10.2909,10.1914,10.2591,0
10/6/2017,10.2461,10.2509,10.1684,10.199,0
10/5/2017,10.3399,10.3483,10.2361,10.2454,0
10/4/2017,10.3389,10.376,10.3374,10.3422,0
10/3/2017,10.372,10.3808,10.328,10.3415,0
10/2/2017,10.4588,10.4701,10.3527,10.3729,0
9/29/2017,10.4999,10.5038,10.4262,10.4647,0
9/28/2017,10.4543,10.5092,10.4207,10.5012,0
9/27/2017,10.513,10.517,10.4345,10.4537,0
9/26/2017,10.5235,10.5616,10.4762,10.5136,0
9/25/2017,10.5372,10.6031,10.4951,10.523,0
9/22/2017,10.5998,10.6167,10.5041,10.5372,0
9/21/2017,10.5249,10.6061,10.513,10.5991,0
9/20/2017,10.5441,10.6509,10.4947,10.5257,0
9/19/2017,10.5486,10.575,10.5098,10.5434,0
9/18/2017,10.6151,10.6458,10.5245,10.5478,0
9/15/2017,10.468,10.6431,10.4551,10.6283,0
9/14/2017,10.3216,10.4749,10.2817,10.4672,0
9/13/2017,10.3765,10.4131,10.3008,10.3216,0
9/12/2017,10.2813,10.3895,10.2805,10.3766,0
9/11/2017,10.3143,10.3323,10.2797,10.2817,0
9/8/2017,10.2375,10.3247,10.2141,10.3117,0
9/7/2017,10.2068,10.2504,10.1951,10.2378,0
9/6/2017,10.1988,10.2392,10.1867,10.2068,0
9/5/2017,10.1151,10.2079,10.1014,10.1996,0
9/4/2017,10.1389,10.1462,10.1029,10.1187,0
9/1/2017,10.1194,10.1694,10.0982,10.1323,0
8/31/2017,10.1128,10.1231,10.0551,10.1193,0
8/30/2017,10.1081,10.1251,10.078,10.1141,0
8/29/2017,10.1165,10.1547,10.105,10.1096,0
8/28/2017,10.0875,10.1266,10.0703,10.1176,0
8/25/2017,10.0134,10.0808,10.009,10.0772,0
8/24/2017,10.0133,10.0456,9.9939,10.013,0
8/23/2017,10.0373,10.0439,10.0003,10.0165,0
8/22/2017,10.0899,10.1019,10.0249,10.0365,0
8/21/2017,10.0708,10.1106,10.0556,10.0936,0
8/18/2017,10.0679,10.1072,10.0401,10.0732,0
8/17/2017,10.0853,10.1017,10.058,10.0677,0
8/16/2017,10.0689,10.0943,10.0436,10.0838,0
8/15/2017,10.1403,10.1463,10.0505,10.0691,0
8/14/2017,10.1583,10.1839,10.1318,10.1403,0
8/11/2017,10.1431,10.1893,10.1163,10.1748,0
8/10/2017,10.159,10.1738,10.1212,10.1433,0
8/9/2017,10.1608,10.1815,10.1373,10.1639,0
8/8/2017,10.1914,10.2127,10.1305,10.1633,0
8/7/2017,10.1846,10.2188,10.1785,10.1931,0
8/4/2017,10.2666,10.2928,10.1815,10.1933,0
8/3/2017,10.3372,10.3721,10.2495,10.2712,0
8/2/2017,10.3143,10.3603,10.3039,10.3354,0
8/1/2017,10.3186,10.3506,10.3004,10.3165,0
7/31/2017,10.2527,10.328,10.2254,10.3211,0
7/28/2017,10.1989,10.2737,10.1954,10.2587,0
7/27/2017,10.2462,10.2767,10.1913,10.203,0
7/26/2017,10.1691,10.2495,10.1513,10.2463,0
7/25/2017,10.1689,10.2165,10.1529,10.1709,0
7/24/2017,10.1392,10.1935,10.1357,10.1714,0
7/21/2017,10.1297,10.1691,10.1136,10.1492,0
7/20/2017,10.1664,10.1781,10.0979,10.1322,0
7/19/2017,10.1743,10.1929,10.1563,10.1651,0
7/18/2017,10.1884,10.2448,10.147,10.1782,0
7/17/2017,10.2162,10.2357,10.1781,10.1886,0
7/14/2017,10.1,10.2356,10.0981,10.2201,0
7/13/2017,10.062,10.1201,10.0563,10.1037,0
7/12/2017,10.0348,10.0824,10.005,10.0648,0
7/11/2017,10.0622,10.103,10.022,10.0377,0
7/10/2017,10.0629,10.0866,10.0426,10.0635,0
7/7/2017,10.1264,10.1378,10.0486,10.0709,0
7/6/2017,10.098,10.1398,10.0831,10.1311,0
7/5/2017,10.0835,10.1105,10.0626,10.0991,0
7/4/2017,10.1043,10.1235,10.079,10.0869,0
7/3/2017,10.1566,10.1704,10.0964,10.1054,0
6/30/2017,10.1511,10.1732,10.1054,10.1701,0
6/29/2017,10.0828,10.1562,10.0797,10.1532,0
6/28/2017,9.9963,10.1255,9.9786,10.0873,0
6/27/2017,9.9194,10.032,9.9159,9.9975,0
6/26/2017,9.9284,9.9522,9.9072,9.9206,0
6/23/2017,9.8875,9.9403,9.8817,9.9201,0
6/22/2017,9.883,9.8993,9.8669,9.8904,0
6/21/2017,9.8498,9.9155,9.8172,9.8849,0
6/20/2017,9.9307,9.9504,9.8294,9.8529,0
6/19/2017,9.9759,9.9923,9.922,9.9352,0
6/16/2017,9.9498,9.9909,9.9425,9.966,0
6/15/2017,9.9409,9.9816,9.897,9.951,0
6/14/2017,9.9429,9.9968,9.9225,9.9439,0
6/13/2017,9.8712,9.949,9.8553,9.9455,0
6/12/2017,9.9247,9.9565,9.8553,9.8711,0
6/9/2017,10.0998,10.1092,9.8464,9.9375,0
6/8/2017,10.1002,10.1184,10.0618,10.1,0
6/7/2017,10.0618,10.1079,10.0421,10.1016,0
6/6/2017,10.0526,10.0943,10.0313,10.0628,0
6/5/2017,10.0073,10.0839,10.0046,10.0548,0
6/2/2017,10.036,10.058,10.0079,10.0366,0
6/1/2017,10.0409,10.0632,9.9948,10.0366,0
5/31/2017,10.0191,10.0707,9.9427,10.044,0
5/30/2017,10.0056,10.045,9.9685,10.0206,0
5/29/2017,9.9792,10.0186,9.9652,10.0082,0
5/26/2017,10.0826,10.0897,9.9517,9.9781,0
5/25/2017,10.1004,10.137,10.0722,10.082,0
5/24/2017,10.0926,10.1263,10.0637,10.1052,0
5/23/2017,10.1179,10.1528,10.0831,10.0952,0
5/22/2017,10.1218,10.1542,10.093,10.1204,0
5/19/2017,10.0659,10.1499,10.0575,10.1457,0
5/18/2017,10.0936,10.1567,10.0297,10.065,0
5/17/2017,10.0583,10.1195,10.048,10.0977,0
5/16/2017,10.0415,10.0904,10.018,10.0604,0
5/15/2017,10.0431,10.0759,10.029,10.0412,0
5/12/2017,10.0331,10.0516,10.0076,10.0468,0
5/11/2017,10.0716,10.0852,10.007,10.0381,0
5/10/2017,10.0665,10.1136,10.0619,10.074,0
5/9/2017,10.0709,10.0903,10.0408,10.0683,0
5/8/2017,10.1021,10.1114,10.0619,10.0726,0
5/5/2017,10.0553,10.1082,10.0377,10.1044,0
5/4/2017,10.0097,10.0641,9.9828,10.0572,0
5/3/2017,10.0659,10.0769,10.0084,10.013,0
5/2/2017,10.0218,10.0705,10.0051,10.0677,0
5/1/2017,10.0724,10.0759,10.0165,10.0235,0
4/28/2017,10.0397,10.0893,10.0248,10.0734,0
4/27/2017,9.9937,10.0503,9.9852,10.0406,0
4/26/2017,9.9881,10.0092,9.9621,9.9939,0
4/25/2017,9.951,9.9934,9.9341,9.9899,0
4/24/2017,9.987,9.9987,9.9324,9.9529,0
4/21/2017,9.9578,9.98,9.9206,9.9624,0
4/20/2017,9.9323,9.9896,9.9284,9.9627,0
4/19/2017,9.9774,10.0007,9.9245,9.9347,0
4/18/2017,9.765,10.0337,9.7281,9.9797,0
4/17/2017,9.7375,9.7948,9.7341,9.7656,0
4/14/2017,9.7213,9.7447,9.7152,9.7348,0
4/13/2017,9.7419,9.774,9.7139,9.7199,0
4/12/2017,9.7044,9.7529,9.6961,9.7452,0
4/11/2017,9.6459,9.712,9.6369,9.7073,0
4/10/2017,9.617,9.6578,9.6039,9.6468,0
4/7/2017,9.6852,9.6968,9.6026,9.6128,0
4/6/2017,9.6963,9.719,9.6712,9.6888,0
4/5/2017,9.6654,9.7133,9.6506,9.6979,0
4/4/2017,9.7032,9.712,9.6483,9.6673,0
4/3/2017,9.7437,9.7569,9.685,9.7043,0
3/31/2017,9.6847,9.7591,9.6596,9.7561,0
3/30/2017,9.6555,9.7352,9.6357,9.6888,0
3/29/2017,9.6694,9.6929,9.6127,9.6601,0
3/28/2017,9.7516,9.7858,9.6604,9.6714,0
3/27/2017,9.694,9.8003,9.6873,9.7548,0
3/24/2017,9.7217,9.7269,9.6807,9.6854,0
3/23/2017,9.6934,9.7353,9.6763,9.7246,0
3/22/2017,9.6889,9.7142,9.6478,9.6951,0
3/21/2017,9.5949,9.7061,9.5823,9.6906,0
3/20/2017,9.6226,9.6593,9.5756,9.5967,0
3/17/2017,9.5935,9.6288,9.5668,9.6199,0
3/16/2017,9.5442,9.6078,9.5026,9.596,0
3/15/2017,9.4388,9.5595,9.427,9.5457,0
3/14/2017,9.4858,9.4944,9.4045,9.4405,0
3/13/2017,9.4483,9.5143,9.4326,9.4875,0
3/10/2017,9.4459,9.4658,9.4255,9.4505,0
3/9/2017,9.4495,9.4725,9.4239,9.4465,0
3/8/2017,9.4699,9.4862,9.4272,9.4514,0
3/7/2017,9.4987,9.5137,9.4473,9.4724,0
3/6/2017,9.5392,9.5501,9.4881,9.5008,0
3/3/2017,9.5205,9.5523,9.4818,9.5448,0
3/2/2017,9.5429,9.5548,9.5011,9.5214,0
3/1/2017,9.6095,9.6304,9.5306,9.5447,0
2/28/2017,9.6551,9.6795,9.6003,9.6102,0
2/27/2017,9.674,9.6913,9.6088,9.6568,0
2/24/2017,9.7405,9.7567,9.6572,9.676,0
2/23/2017,9.6539,9.7465,9.6404,9.7422,0
2/22/2017,9.6796,9.7086,9.6384,9.6626,0
2/21/2017,9.667,9.6864,9.6213,9.6798,0
2/20/2017,9.6294,9.6887,9.623,9.6708,0
2/17/2017,9.6892,9.7104,9.612,9.6355,0
2/16/2017,9.6667,9.7196,9.6633,9.6901,0
2/15/2017,9.6761,9.6873,9.609,9.6682,0
2/14/2017,9.7174,9.7388,9.6526,9.6759,0
2/13/2017,9.6983,9.7298,9.6725,9.7176,0
2/10/2017,9.6945,9.7157,9.6496,9.691,0
2/9/2017,9.728,9.763,9.6875,9.6951,0
2/8/2017,9.7058,9.7381,9.6765,9.7304,0
2/7/2017,9.6738,9.7343,9.5752,9.7056,0
2/6/2017,9.6903,9.7057,9.6378,9.6743,0
2/3/2017,9.7167,9.7296,9.6646,9.6873,0
2/2/2017,9.8194,9.8652,9.7101,9.7215,0
2/1/2017,9.7606,9.8398,9.731,9.8215,0
1/31/2017,9.6837,9.7743,9.6267,9.7599,0
1/30/2017,9.7357,9.7791,9.6681,9.6871,0
1/27/2017,9.7672,9.7861,9.7089,9.7417,0
1/26/2017,9.7982,9.8367,9.7385,9.7701,0
1/25/2017,9.7118,9.8072,9.6872,9.8011,0
1/24/2017,9.7219,9.731,9.6302,9.7125,0
1/23/2017,9.5861,9.7305,9.5814,9.7232,0
1/20/2017,9.5723,9.6051,9.5108,9.5998,0
1/19/2017,9.5058,9.5747,9.501,9.5739,0
1/18/2017,9.626,9.6304,9.5007,9.5084,0
1/17/2017,9.3393,9.6296,9.3172,9.6275,0
1/16/2017,9.3505,9.3765,9.2886,9.344,0
1/13/2017,9.4267,9.4875,9.3982,9.4443,0
1/12/2017,9.4691,9.5512,9.4199,9.4291,0
1/11/2017,9.4418,9.5155,9.3351,9.4703,0
1/10/2017,9.4313,9.4539,9.3867,9.4427,0
1/9/2017,9.5127,9.5176,9.4015,9.4335,0
1/6/2017,9.6197,9.6445,9.5049,9.5294,0
1/5/2017,9.5549,9.6404,9.5122,9.63,0
1/4/2017,9.4874,9.5821,9.4757,9.5559,0
1/3/2017,9.5191,9.5463,9.4611,9.4931,0
1/2/2017,9.5717,9.5821,9.5154,9.5221,0
12/30/2016,9.5074,9.6079,9.4938,9.5679,0
12/29/2016,9.4809,9.5236,9.4683,9.51,0
12/28/2016,9.518,9.5405,9.4621,9.4848,0
12/27/2016,9.532,9.5391,9.4934,9.5213,0
12/26/2016,9.5135,9.5558,9.5098,9.5381,0
12/23/2016,9.5307,9.5485,9.4879,9.538,0
12/22/2016,9.586,9.6093,9.5261,9.5336,0
12/21/2016,9.6053,9.6198,9.562,9.5901,0
12/20/2016,9.6294,9.6406,9.5607,9.6022,0
12/19/2016,9.6991,9.7088,9.5951,9.6305,0
12/16/2016,9.6363,9.7223,9.6056,9.7055,0
12/15/2016,9.7437,9.7548,9.6002,9.6381,0
12/14/2016,9.8155,9.8675,9.7188,9.748,0
12/13/2016,9.8335,9.8739,9.8102,9.8174,0
12/12/2016,9.7527,9.8526,9.7379,9.8338,0
12/9/2016,9.7608,9.7928,9.7365,9.7585,0
12/8/2016,9.7903,9.8548,9.7293,9.761,0
12/7/2016,9.83,9.8384,9.7468,9.7922,0
12/6/2016,9.8693,9.9092,9.8123,9.8329,0
12/5/2016,9.8687,9.8843,9.7895,9.8747,0
12/2/2016,9.7631,9.8855,9.745,9.8713,0
12/1/2016,9.6985,9.848,9.6933,9.7652,0
11/30/2016,9.6871,9.7149,9.6295,9.7003,0
11/29/2016,9.6272,9.7163,9.6049,9.6878,0
11/28/2016,9.6696,9.721,9.6027,9.6303,0
11/25/2016,9.6545,9.6885,9.6269,9.6769,0
11/24/2016,9.6478,9.6949,9.6145,9.6588,0
11/23/2016,9.6332,9.6723,9.584,9.6484,0
11/22/2016,9.691,9.7047,9.6032,9.6357,0
11/21/2016,9.5865,9.7073,9.5456,9.6901,0
11/18/2016,9.6315,9.6484,9.539,9.576,0
11/17/2016,9.6511,9.7003,9.6226,9.632,0
11/16/2016,9.6605,9.6987,9.6245,9.6525,0
11/15/2016,9.6857,9.7211,9.6014,9.6636,0
11/14/2016,9.7673,9.7861,9.6496,9.6914,0
11/11/2016,9.735,9.8323,9.7117,9.7767,0
11/10/2016,9.6203,9.7623,9.5955,9.7379,0
11/9/2016,9.5972,9.7309,9.5755,9.6221,0
11/8/2016,9.6084,9.6541,9.5807,9.5979,0
11/7/2016,9.7014,9.7148,9.5989,9.615,0
11/4/2016,9.6621,9.743,9.6527,9.7092,0
11/3/2016,9.5383,9.6918,9.533,9.6635,0
11/2/2016,9.4895,9.5854,9.4751,9.5413,0
11/1/2016,9.4881,9.5246,9.4637,9.4944,0
10/31/2016,9.4427,9.5017,9.4146,9.4955,0
10/28/2016,9.4293,9.4734,9.3913,9.4494,0
10/27/2016,9.4974,9.5161,9.4196,9.4322,0
10/26/2016,9.4513,9.5037,9.424,9.4996,0
10/25/2016,9.4904,9.4985,9.3699,9.4537,0
10/24/2016,9.4939,9.5052,9.4507,9.4944,0
10/21/2016,9.5051,9.5163,9.4403,9.493,0
10/20/2016,9.527,9.5425,9.4701,9.5054,0
10/19/2016,9.5372,9.5671,9.5044,9.5322,0
10/18/2016,9.4486,9.5652,9.4443,9.5417,0
10/17/2016,9.4541,9.4698,9.4143,9.4529,0
10/14/2016,9.5068,9.5146,9.4386,9.4554,0
10/13/2016,9.4662,9.5229,9.4105,9.5061,0
10/12/2016,9.4,9.5642,9.3881,9.4697,0
10/11/2016,9.5899,9.6055,9.3763,9.405,0
10/10/2016,9.6426,9.6605,9.5744,9.5919,0
10/7/2016,9.7843,9.7949,9.168,9.6467,0
10/6/2016,9.8856,9.8987,9.7735,9.7851,0
10/5/2016,9.8709,9.9078,9.8378,9.8894,0
10/4/2016,9.9583,9.9756,9.8614,9.8726,0
10/3/2016,10.0348,10.0437,9.9384,9.9602,0
9/30/2016,10.0568,10.1008,10.0304,10.0649,0
9/29/2016,10.0899,10.127,10.0435,10.059,0
9/28/2016,10.0973,10.1071,10.0626,10.0945,0
9/27/2016,10.0602,10.1027,10.0292,10.0987,0
9/26/2016,10.0458,10.0738,10.0157,10.063,0
9/23/2016,10.1381,10.1568,10.0145,10.0628,0
9/22/2016,10.1054,10.1771,10.0993,10.1427,0
9/21/2016,10.0743,10.1196,10.0385,10.103,0
9/20/2016,10.1061,10.1358,10.0407,10.0753,0
9/19/2016,10.0807,10.1574,10.0784,10.1078,0
9/16/2016,10.2677,10.2843,10.0795,10.0875,0
9/15/2016,10.2642,10.3024,10.2234,10.2708,0
9/14/2016,10.232,10.2736,10.1909,10.2681,0
9/13/2016,10.3433,10.351,10.2141,10.2367,0
9/12/2016,10.2911,10.3568,10.2663,10.3476,0
9/9/2016,10.3099,10.3501,10.2667,10.2913,0
9/8/2016,10.346,10.3761,10.3002,10.3139,0
9/7/2016,10.42,10.4241,10.3275,10.347,0
9/6/2016,10.3136,10.4289,10.3075,10.4227,0
9/5/2016,10.3103,10.3767,10.3033,10.318,0
9/2/2016,10.2921,10.3586,10.2762,10.3093,0
9/1/2016,10.1897,10.3312,10.1799,10.2932,0
8/31/2016,10.146,10.2061,10.1337,10.1914,0
8/30/2016,10.1659,10.1791,10.1277,10.1484,0
8/29/2016,10.186,10.192,10.1261,10.1627,0
8/26/2016,10.2274,10.2996,10.1751,10.1895,0
8/25/2016,10.2579,10.2852,10.2087,10.2302,0
8/24/2016,10.2265,10.2931,10.2024,10.2606,0
8/23/2016,10.1806,10.2445,10.1766,10.2328,0
8/22/2016,10.1241,10.2018,10.0992,10.1868,0
8/19/2016,10.2112,10.2242,10.0943,10.1377,0
8/18/2016,10.112,10.2149,10.1042,10.2096,0
8/17/2016,10.1134,10.1501,10.0618,10.1136,0
8/16/2016,9.9868,10.1222,9.9824,10.1158,0
8/15/2016,10.0182,10.0407,9.9764,9.9893,0
8/12/2016,10.048,10.1134,10.0051,10.0233,0
8/11/2016,10.0863,10.1056,10.0308,10.0485,0
8/10/2016,10.0855,10.1585,10.0738,10.0919,0
8/9/2016,10.1129,10.1245,10.048,10.0855,0
8/8/2016,10.1484,10.1582,10.1035,10.1147,0
8/5/2016,10.1628,10.2206,10.0958,10.1379,0
8/4/2016,10.3376,10.3548,10.1597,10.1668,0
8/3/2016,10.3637,10.3746,10.3017,10.3409,0
8/2/2016,10.2269,10.3746,10.2186,10.3666,0
8/1/2016,10.2665,10.2999,10.2103,10.2271,0
7/29/2016,10.21,10.3218,10.195,10.2604,0
7/28/2016,10.2528,10.2768,10.1717,10.2111,0
7/27/2016,10.1851,10.2661,10.1375,10.2553,0
7/26/2016,10.1879,10.2237,10.1256,10.1863,0
7/25/2016,10.1745,10.2119,10.1553,10.1934,0
7/22/2016,10.2613,10.3075,10.1431,10.1707,0
7/21/2016,10.2414,10.2973,10.2033,10.2641,0
7/20/2016,10.166,10.259,10.1291,10.2454,0
7/19/2016,10.2768,10.2949,10.137,10.1685,0
7/18/2016,10.2289,10.3243,10.2057,10.2794,0
7/15/2016,10.3439,10.4541,10.1815,10.2298,0
7/14/2016,10.1922,10.4506,10.1607,10.3453,0
7/13/2016,10.2752,10.3485,10.1832,10.1975,0
7/12/2016,10.076,10.3167,10.0599,10.2737,0
7/11/2016,10.0454,10.1003,9.9677,10.0806,0
7/8/2016,10.0129,10.1001,9.9889,10.0513,0
7/7/2016,10.0294,10.1253,9.9858,10.0157,0
7/6/2016,10.0987,10.1107,9.9285,10.0318,0
7/5/2016,10.3093,10.316,10.0841,10.1035,0
7/4/2016,10.2946,10.3513,10.2607,10.3119,0
7/1/2016,10.3265,10.3595,10.2739,10.2892,0
6/30/2016,10.4185,10.4721,10.243,10.3283,0
6/29/2016,10.3492,10.5016,10.3061,10.4177,0
6/28/2016,10.258,10.4128,10.2413,10.3517,0
6/27/2016,10.5254,10.5282,10.1805,10.2661,0
6/24/2016,11.5341,11.6517,10.2617,10.6175,0
6/23/2016,11.4081,11.594,11.4035,11.542,0
6/22/2016,11.3649,11.4633,11.3568,11.4109,0
6/21/2016,11.4058,11.4693,11.3369,11.3665,0
6/20/2016,11.1257,11.4257,11.1257,11.4076,0
6/17/2016,11.0188,11.1681,11.013,11.1423,0
6/16/2016,11.0208,11.0608,10.8726,11.0198,0
6/15/2016,10.9509,11.0369,10.9324,11.0236,0
6/14/2016,11.0777,11.0801,10.9332,10.9549,0
6/13/2016,11.0651,11.1084,10.9553,11.0795,0
6/10/2016,11.2201,11.2351,11.0056,11.0679,0
6/9/2016,11.2506,11.2741,11.2111,11.2231,0
6/8/2016,11.2905,11.336,11.2488,11.2537,0
6/7/2016,11.216,11.3758,11.2098,11.2945,0
6/6/2016,11.2731,11.2826,11.1477,11.2171,0
6/3/2016,11.2059,11.3283,11.1862,11.2791,0
6/2/2016,11.2,11.2471,11.1908,11.2077,0
6/1/2016,11.2498,11.2709,11.1782,11.2025,0
5/31/2016,11.3721,11.4378,11.2371,11.2515,0
5/30/2016,11.3415,11.3753,11.3301,11.3736,0
5/27/2016,11.3916,11.4097,11.3388,11.3588,0
5/26/2016,11.4106,11.4467,11.3663,11.3948,0
5/25/2016,11.3675,11.4365,11.338,11.4124,0
5/24/2016,11.2486,11.3785,11.2366,11.3701,0
5/23/2016,11.2661,11.3036,11.2155,11.2515,0
5/20/2016,11.3479,11.3529,11.249,11.2656,0
5/19/2016,11.3333,11.3902,11.3052,11.3498,0
5/18/2016,11.2222,11.3663,11.1786,11.3359,0
5/17/2016,11.1759,11.2759,11.1728,11.2275,0
5/16/2016,11.1374,11.1958,11.1241,11.1806,0
5/13/2016,11.2113,11.2194,11.1312,11.1504,0
5/12/2016,11.2101,11.2794,11.1753,11.2129,0
5/11/2016,11.2076,11.2462,11.168,11.2126,0
5/10/2016,11.1845,11.238,11.166,11.2115,0
5/9/2016,11.1973,11.2386,11.1524,11.1856,0
5/6/2016,11.239,11.2864,11.1824,11.2001,0
5/5/2016,11.2502,11.2787,11.2064,11.2435,0
5/4/2016,11.2799,11.3083,11.2208,11.2495,0
5/3/2016,11.3813,11.4605,11.2767,11.2817,0
5/2/2016,11.3319,11.4022,11.3063,11.3831,0
4/29/2016,11.3312,11.3813,11.3067,11.3359,0
4/28/2016,11.2754,11.3436,11.2634,11.3344,0
4/27/2016,11.3065,11.3439,11.2236,11.2795,0
4/26/2016,11.2304,11.3567,11.2252,11.3088,0
4/25/2016,11.1779,11.2652,11.1701,11.2321,0
4/22/2016,11.1095,11.2104,11.0998,11.1715,0
4/21/2016,11.1135,11.2021,11.0917,11.1114,0
4/20/2016,11.1596,11.179,11.1096,11.1162,0
4/19/2016,11.0702,11.1829,11.0626,11.162,0
4/18/2016,11.0275,11.0824,10.9568,11.0696,0
4/15/2016,10.9783,11.0445,10.9598,11.0092,0
4/14/2016,11.0144,11.0226,10.9283,10.9786,0
4/13/2016,11.067,11.0746,11.0048,11.0161,0
4/12/2016,11.0401,11.1276,11.0063,11.0694,0
4/11/2016,10.9556,11.0781,10.9402,11.0433,0
4/8/2016,10.9075,10.9727,10.8884,10.9597,0
4/7/2016,10.949,10.9827,10.8946,10.9096,0
4/6/2016,10.9819,10.9919,10.8614,10.9531,0
4/5/2016,11.0587,11.0757,10.9523,10.984,0
4/4/2016,11.0236,11.1063,11.0015,11.0604,0
4/1/2016,11.1376,11.1541,10.9865,11.0312,0
3/31/2016,11.1454,11.1894,11.1061,11.1405,0
3/30/2016,11.1501,11.2131,11.132,11.1496,0
3/29/2016,11.055,11.1761,11.0085,11.1563,0
3/28/2016,10.9589,11.0799,10.9496,11.0575,0
3/25/2016,10.9794,10.9859,10.9446,10.9717,0
3/24/2016,10.9429,11.0069,10.905,10.981,0
3/23/2016,11.0126,11.0325,10.9188,10.947,0
3/22/2016,11.1365,11.1649,11.0007,11.0157,0
3/21/2016,11.2298,11.232,11.1351,11.1387,0
3/18/2016,11.2275,11.2569,11.1756,11.2317,0
3/17/2016,11.0599,11.2502,11.0312,11.2285,0
3/16/2016,10.9786,11.0774,10.9051,11.0628,0
3/15/2016,11.0944,11.1028,10.9688,10.9842,0
3/14/2016,11.1594,11.1681,11.0864,11.0957,0
3/11/2016,11.081,11.2011,11.0592,11.1639,0
3/10/2016,11.0379,11.1193,10.9595,11.0837,0
3/9/2016,11.0308,11.0603,11.008,11.0419,0
3/8/2016,11.0736,11.0877,11.0066,11.034,0
3/7/2016,11.0481,11.0909,10.9779,11.0756,0
3/4/2016,11.012,11.064,10.9518,11.0456,0
3/3/2016,10.9399,11.0311,10.9082,11.0129,0
3/2/2016,10.8372,10.9556,10.8152,10.9421,0
3/1/2016,10.8225,10.8966,10.8037,10.8401,0
2/29/2016,10.7822,10.8451,10.7534,10.8228,0
2/26/2016,10.8497,10.9107,10.7652,10.7843,0
2/25/2016,10.8158,10.8753,10.796,10.853,0
2/24/2016,10.891,10.8986,10.7821,10.8198,0
2/23/2016,10.9955,11.0017,10.8782,10.8925,0
2/22/2016,11.1969,11.1987,10.9194,10.9973,0
2/19/2016,11.1497,11.2028,11.0738,11.1996,0
2/18/2016,11.1285,11.1996,11.0967,11.1558,0
2/17/2016,11.1419,11.17,11.0872,11.1314,0
2/16/2016,11.2355,11.3065,11.1173,11.1462,0
2/15/2016,11.2933,11.3156,11.2184,11.2365,0
2/12/2016,11.2768,11.3524,11.2481,11.3006,0
2/11/2016,11.315,11.3441,11.2054,11.2786,0
2/10/2016,11.2816,11.3579,11.2537,11.3176,0
2/9/2016,11.2443,11.319,11.2016,11.2842,0
2/8/2016,11.2949,11.3287,11.1761,11.2485,0
2/5/2016,11.3622,11.3676,11.2581,11.2965,0
2/4/2016,11.3811,11.4255,11.3119,11.3639,0
2/3/2016,11.2366,11.4232,11.2107,11.3853,0
2/2/2016,11.2239,11.2479,11.1412,11.2387,0
2/1/2016,11.0779,11.2397,11.0663,11.2249,0
1/29/2016,11.1913,11.2284,11.0151,11.0851,0
1/28/2016,11.0923,11.2294,11.0886,11.1939,0
1/27/2016,11.1821,11.1874,11.0899,11.096,0
1/26/2016,11.1043,11.1974,11.0464,11.1863,0
1/25/2016,11.1272,11.1501,11.0827,11.1067,0
1/22/2016,11.1169,11.1878,11.0682,11.1258,0
1/21/2016,11.0937,11.1437,11.0072,11.1191,0
1/20/2016,11.0674,11.1289,11.045,11.0952,0
1/19/2016,11.1061,11.1932,11.04,11.0676,0
1/18/2016,11.111,11.1678,11.101,11.1079,0
1/15/2016,11.2154,11.2292,11.0993,11.1113,0
1/14/2016,11.1785,11.2485,11.1665,11.2178,0
1/13/2016,11.2111,11.2317,11.1557,11.1823,0
1/12/2016,11.2874,11.3034,11.1342,11.2156,0
1/11/2016,11.2748,11.3278,11.2481,11.2908,0
1/8/2016,11.337,11.3634,11.2595,11.2749,0
1/7/2016,11.3396,11.3521,11.2639,11.3407,0
1/6/2016,11.3719,11.3821,11.3178,11.3397,0
1/5/2016,11.4025,11.4179,11.3452,11.3755,0
1/4/2016,11.4282,11.4827,11.3637,11.4082,0
1/1/2016,11.419,11.4642,11.419,11.4301,0
12/31/2015,11.4796,11.5045,11.4093,11.4231,0
12/30/2015,11.4785,11.5124,11.4627,11.4841,0
12/29/2015,11.5288,11.5601,11.4568,11.4795,0
12/28/2015,11.5747,11.5762,11.5245,11.5304,0
12/25/2015,11.5601,11.5846,11.5313,11.5752,0
12/24/2015,11.5235,11.586,11.5179,11.5615,0
12/23/2015,11.4908,11.5524,11.4836,11.5266,0
12/22/2015,11.533,11.5585,11.4748,11.4924,0
12/21/2015,11.5478,11.5761,11.5315,11.5396,0
12/18/2015,11.55,11.5906,11.5376,11.5474,0
12/17/2015,11.6236,11.6281,11.5204,11.5514,0
12/16/2015,11.6515,11.7046,11.5954,11.6278,0
12/15/2015,11.7346,11.7735,11.6444,11.6562,0
12/14/2015,11.7915,11.8045,11.7068,11.7355,0
12/11/2015,11.7484,11.8121,11.72,11.795,0
12/10/2015,11.7597,11.7816,11.7107,11.7486,0
12/9/2015,11.6293,11.7734,11.6255,11.7654,0
12/8/2015,11.6676,11.6745,11.5894,11.6316,0
12/7/2015,11.7095,11.7153,11.6568,11.6671,0
12/4/2015,11.7351,11.7472,11.6837,11.7124,0
12/3/2015,11.585,11.7489,11.5485,11.7367,0
12/2/2015,11.6893,11.695,11.5425,11.588,0
12/1/2015,11.6703,11.726,11.664,11.691,0
11/30/2015,11.652,11.7025,11.618,11.6733,0
11/27/2015,11.7008,11.71,11.6469,11.6551,0
11/26/2015,11.7247,11.7285,11.6737,11.7059,0
11/25/2015,11.6833,11.7309,11.6667,11.7249,0
11/24/2015,11.7189,11.749,11.6645,11.6926,0
11/23/2015,11.7709,11.7785,11.705,11.7216,0
11/20/2015,11.8485,11.8667,11.7647,11.7738,0
11/19/2015,11.8076,11.8867,11.7972,11.8504,0
11/18/2015,11.7868,11.8194,11.7693,11.8094,0
11/17/2015,11.7798,11.8126,11.7436,11.7919,0
11/16/2015,11.8011,11.8154,11.7639,11.7809,0
11/13/2015,11.8034,11.8317,11.7694,11.8079,0
11/12/2015,11.7857,11.8165,11.7575,11.8042,0
11/11/2015,11.7175,11.8008,11.7144,11.7902,0
11/10/2015,11.7139,11.7405,11.6958,11.719,0
11/9/2015,11.6617,11.728,11.6545,11.717,0
11/6/2015,11.7842,11.7979,11.6431,11.6643,0
11/5/2015,11.9224,11.9383,11.7819,11.7861,0
11/4/2015,11.9493,11.9741,11.9017,11.9263,0
11/3/2015,11.9466,11.9715,11.9014,11.9529,0
11/2/2015,11.9552,12.0123,11.9356,11.9481,0
10/30/2015,11.8646,11.9881,11.8589,11.9585,0
10/29/2015,11.8257,11.8773,11.811,11.8659,0
10/28/2015,11.8536,11.8941,11.8141,11.8272,0
10/27/2015,11.8978,11.904,11.8414,11.8544,0
10/26/2015,11.8704,11.921,11.8581,11.8967,0
10/23/2015,11.9282,11.9512,11.8583,11.8683,0
10/22/2015,11.9474,12.0199,11.9096,11.9309,0
10/21/2015,11.9652,11.9982,11.9412,11.9511,0
10/20/2015,11.9823,12.0169,11.9583,11.9667,0
10/19/2015,11.9621,12.0099,11.9541,11.9835,0
10/16/2015,11.9745,12.0028,11.9552,11.9625,0
10/15/2015,11.9914,12.023,11.9449,11.9792,0
10/14/2015,11.8149,12.0118,11.8133,11.9952,0
10/13/2015,11.8932,11.9259,11.7785,11.8159,0
10/12/2015,11.8699,11.9156,11.8637,11.8924,0
10/9/2015,11.8924,11.923,11.855,11.8606,0
10/8/2015,11.8676,11.9179,11.8242,11.8955,0
10/7/2015,11.7975,11.892,11.7936,11.8719,0
10/6/2015,11.7351,11.8171,11.7309,11.8004,0
10/5/2015,11.7619,11.8161,11.7287,11.7378,0
10/2/2015,11.7244,11.8102,11.7203,11.766,0
10/1/2015,11.7233,11.766,11.7064,11.7267,0
9/30/2015,11.7388,11.7912,11.7058,11.7252,0
9/29/2015,11.7569,11.7868,11.7227,11.7425,0
9/28/2015,11.7642,11.812,11.7448,11.7599,0
9/25/2015,11.8112,11.8273,11.7278,11.7669,0
9/24/2015,11.8102,11.8502,11.7777,11.8124,0
9/23/2015,11.9029,11.9114,11.7938,11.8153,0
9/22/2015,12.0133,12.0373,11.8863,11.9085,0
9/21/2015,12.0381,12.0657,11.9955,12.0183,0
9/18/2015,12.0798,12.1361,12.0209,12.0373,0
9/17/2015,12.0027,12.1146,11.9993,12.0831,0
9/16/2015,11.8887,12.0364,11.8784,12.0075,0
9/15/2015,11.9527,11.9789,11.8763,11.8904,0
9/14/2015,11.9496,11.9918,11.9125,11.9551,0
9/11/2015,11.9676,11.9854,11.9328,11.9579,0
9/10/2015,11.9093,11.9961,11.8862,11.9705,0
9/9/2015,11.9314,11.9411,11.8936,11.9099,0
9/8/2015,11.837,11.9466,11.831,11.9331,0
9/7/2015,11.7521,11.8494,11.7521,11.8344,0
9/4/2015,11.8219,11.839,11.7482,11.7581,0
9/3/2015,11.8536,11.87,11.7947,11.8246,0
9/2/2015,11.8583,11.879,11.8282,11.8583,0
9/1/2015,11.8893,11.9431,11.8544,11.8602,0
8/31/2015,11.9288,11.9649,11.8845,11.8909,0
8/28/2015,11.9335,11.9708,11.8825,11.9292,0
8/27/2015,11.9834,12.0215,11.9099,11.9351,0
8/26/2015,12.1581,12.1846,11.9748,11.9843,0
8/25/2015,12.2258,12.2625,12.152,12.1612,0
8/24/2015,12.1703,12.2525,12.117,12.2275,0
8/21/2015,12.159,12.1897,12.1337,12.1694,0
8/20/2015,12.1542,12.174,12.0954,12.1622,0
8/19/2015,12.1401,12.1729,12.12,12.1571,0
8/18/2015,12.0818,12.1917,12.0662,12.1448,0
8/17/2015,12.1298,12.1687,12.0783,12.0859,0
8/14/2015,12.1043,12.1456,12.0876,12.1321,0
8/13/2015,12.1059,12.1243,12.0733,12.1082,0
8/12/2015,12.0826,12.1479,12.0479,12.112,0
8/11/2015,12.0824,12.1107,12.0626,12.0876,0
8/10/2015,12.0071,12.1022,11.9812,12.0876,0
8/7/2015,12.0203,12.0506,11.955,12.0132,0
8/6/2015,12.0925,12.1217,11.9874,12.0236,0
8/5/2015,12.0651,12.134,12.0364,12.0947,0
8/4/2015,12.0834,12.1226,12.0595,12.0688,0
8/3/2015,12.1122,12.1309,12.0651,12.0856,0
7/31/2015,12.0945,12.1561,12.0523,12.1131,0
7/30/2015,12.0934,12.1231,12.0624,12.0969,0
7/29/2015,12.0979,12.1638,12.0796,12.0962,0
7/28/2015,12.0576,12.1151,12.034,12.1015,0
7/27/2015,12.0206,12.0888,12.0049,12.06,0
7/24/2015,12.0234,12.0354,11.986,12.0254,0
7/23/2015,12.1005,12.1482,12.012,12.0253,0
7/22/2015,12.0578,12.1277,12.0472,12.1015,0
7/21/2015,12.0595,12.0845,12.0336,12.0594,0
7/20/2015,12.0954,12.1146,12.0415,12.0648,0
7/17/2015,12.095,12.146,12.0544,12.0977,0
7/16/2015,12.1198,12.1312,12.0573,12.0993,0
7/15/2015,12.1167,12.1506,12.0711,12.1202,0
7/14/2015,12.0038,12.1259,11.9748,12.12,0
7/13/2015,12.001,12.0847,11.9978,12.0068,0
7/10/2015,11.9199,12.0539,11.9068,12.0342,0
7/9/2015,11.9068,11.9573,11.8913,11.9225,0
7/8/2015,11.9877,11.9951,11.8815,11.9101,0
7/7/2015,12.0942,12.1026,11.9529,11.99,0
7/6/2015,12.042,12.1209,12.0398,12.1001,0
7/3/2015,12.0978,12.1288,12.059,12.0718,0
7/2/2015,12.1037,12.1239,12.0615,12.0996,0
7/1/2015,12.1751,12.1989,12.0844,12.1077,0
6/30/2015,12.1998,12.232,12.163,12.1773,0
6/29/2015,12.2054,12.2405,12.1423,12.201,0
6/26/2015,12.2057,12.2236,12.1756,12.2116,0
6/25/2015,12.1728,12.2272,12.1494,12.2077,0
6/24/2015,12.1931,12.2529,12.1443,12.176,0
6/23/2015,12.2636,12.2729,12.1744,12.1944,0
6/22/2015,12.3106,12.3348,12.2494,12.2664,0
6/19/2015,12.3097,12.3242,12.2726,12.3124,0
6/18/2015,12.2713,12.3501,12.2514,12.3116,0
6/17/2015,12.1271,12.2878,12.1117,12.2739,0
6/16/2015,12.0931,12.1368,12.0455,12.131,0
6/15/2015,12.0615,12.1059,12.004,12.0953,0
6/12/2015,12.0255,12.093,11.9891,12.0624,0
6/11/2015,12.0364,12.0457,11.954,12.0303,0
6/10/2015,11.9277,12.0593,11.9114,12.04,0
6/9/2015,11.8968,11.9322,11.8272,11.9294,0
6/8/2015,11.8283,11.9113,11.7973,11.8996,0
6/5/2015,11.9055,11.9151,11.7746,11.8389,0
6/4/2015,11.8902,11.9713,11.8626,11.9107,0
6/3/2015,11.898,11.9251,11.8224,11.8947,0
6/2/2015,11.7884,11.9209,11.7716,11.9004,0
6/1/2015,11.8551,11.8674,11.7654,11.7896,0
5/29/2015,11.8726,11.8967,11.8108,11.8548,0
5/28/2015,11.9113,11.9301,11.8314,11.8756,0
5/27/2015,11.9246,11.9698,11.869,11.9131,0
5/26/2015,11.9872,11.9992,11.9016,11.9264,0
5/25/2015,11.999,12.0246,11.979,11.9925,0
5/22/2015,12.141,12.164,11.9793,12.0075,0
5/21/2015,12.0398,12.1735,12.0311,12.1431,0
5/20/2015,12.0199,12.0862,11.9931,12.045,0
5/19/2015,12.1274,12.1485,11.9727,12.0234,0
5/18/2015,12.1884,12.2074,12.1176,12.1318,0
5/15/2015,12.2258,12.2532,12.168,12.1869,0
5/14/2015,12.2024,12.2591,12.1899,12.2281,0
5/13/2015,12.1415,12.2238,12.1165,12.2055,0
5/12/2015,12.0809,12.1848,12.0565,12.1476,0
5/11/2015,11.9739,12.1054,11.9322,12.0827,0
5/8/2015,11.819,12.0367,11.8173,11.9841,0
5/7/2015,11.8144,11.8451,11.7542,11.8212,0
5/6/2015,11.7632,11.8552,11.7417,11.8177,0
5/5/2015,11.719,11.7978,11.6942,11.7683,0
5/4/2015,11.7372,11.7664,11.6968,11.7227,0
5/1/2015,11.8955,11.9343,11.7133,11.7374,0
4/30/2015,11.9638,12.0076,11.8597,11.8979,0
4/29/2015,11.887,12.0141,11.877,11.9656,0
4/28/2015,11.8079,11.8915,11.7599,11.8874,0
4/27/2015,11.7544,11.8316,11.7067,11.8099,0
4/24/2015,11.6661,11.7729,11.6442,11.7714,0
4/23/2015,11.65,11.6808,11.5911,11.6707,0
4/22/2015,11.5638,11.6899,11.5553,11.6535,0
4/21/2015,11.5498,11.6077,11.5108,11.568,0
4/20/2015,11.5944,11.6154,11.5365,11.5528,0
4/17/2015,11.575,11.6691,11.5598,11.5982,0
4/16/2015,11.5018,11.6066,11.4789,11.5786,0
4/15/2015,11.4548,11.5186,11.3923,11.5057,0
4/14/2015,11.3693,11.4768,11.3161,11.4588,0
4/13/2015,11.3398,11.3826,11.2863,11.374,0
4/10/2015,11.3987,11.4132,11.3034,11.3395,0
4/9/2015,11.5193,11.5386,11.377,11.4037,0
4/8/2015,11.4745,11.6056,11.473,11.5221,0
4/7/2015,11.5334,11.5676,11.4708,11.4788,0
4/6/2015,11.557,11.6152,11.5258,11.5364,0
4/3/2015,11.4916,11.5856,11.4781,11.5673,0
4/2/2015,11.4898,11.5291,11.4528,11.4961,0
4/1/2015,11.485,11.5345,11.426,11.4915,0
3/31/2015,11.481,11.5307,11.439,11.4876,0
3/30/2015,11.5326,11.5556,11.4379,11.4862,0
3/27/2015,11.5131,11.5723,11.4711,11.5352,0
3/26/2015,11.5379,11.6282,11.4801,11.5157,0
3/25/2015,11.5175,11.5982,11.4979,11.5395,0
3/24/2015,11.5955,11.621,11.5069,11.5193,0
3/23/2015,11.6112,11.6296,11.5067,11.5976,0
3/20/2015,11.4444,11.6268,11.4199,11.5991,0
3/19/2015,11.6191,11.6455,11.3926,11.4466,0
3/18/2015,11.4449,11.7526,11.3512,11.6214,0
3/17/2015,11.5116,11.5254,11.4282,11.4459,0
3/16/2015,11.4464,11.5371,11.4363,11.5139,0
3/13/2015,11.5623,11.5732,11.4182,11.4509,0
3/12/2015,11.5984,11.6718,11.5354,11.5629,0
3/11/2015,11.6916,11.7189,11.5708,11.601,0
3/10/2015,11.7389,11.7441,11.6581,11.6964,0
3/9/2015,11.6633,11.7461,11.6521,11.7399,0
3/6/2015,11.8171,11.8334,11.6557,11.6641,0
3/5/2015,11.8372,11.8436,11.7997,11.8205,0
3/4/2015,11.9112,11.9215,11.8253,11.8381,0
3/3/2015,11.9129,11.9413,11.8976,11.9131,0
3/2/2015,11.9709,11.9789,11.9019,11.9155,0
2/27/2015,11.9441,11.9897,11.926,11.9707,0
2/26/2015,12.0443,12.0616,11.9343,11.947,0
2/25/2015,11.9863,12.0511,11.9776,12.0457,0
2/24/2015,11.985,12.0037,11.9442,11.9877,0
2/23/2015,11.9433,12.004,11.889,11.989,0
2/20/2015,11.9557,11.9742,11.8991,11.9501,0
2/19/2015,11.9721,11.9982,11.9464,11.9578,0
2/18/2015,11.9124,12.0135,11.8975,11.9748,0
2/17/2015,11.9183,11.9521,11.8812,11.914,0
2/16/2015,11.9401,11.9791,11.8967,11.9207,0
2/13/2015,11.9264,11.9627,11.9185,11.944,0
2/12/2015,11.8112,11.9535,11.792,11.9291,0
2/11/2015,11.8227,11.8643,11.7989,11.8163,0
2/10/2015,11.7952,11.8458,11.7819,11.827,0
2/9/2015,11.8182,11.8377,11.7832,11.7977,0
2/6/2015,11.8829,11.903,11.7891,11.8198,0
2/5/2015,11.7657,11.8959,11.7528,11.8826,0
2/4/2015,11.7594,11.8235,11.7357,11.7702,0
2/3/2015,11.6582,11.7831,11.62,11.7599,0
2/2/2015,11.6927,11.7066,11.6326,11.6602,0
1/30/2015,11.6782,11.7047,11.6176,11.6815,0
1/29/2015,11.7302,11.7548,11.6398,11.6799,0
1/28/2015,11.7795,11.7988,11.7249,11.7328,0
1/27/2015,11.6879,11.8023,11.6727,11.7809,0
1/26/2015,11.6177,11.7079,11.6084,11.6901,0
1/23/2015,11.6354,11.6562,11.5875,11.6213,0
1/22/2015,11.7353,11.7955,11.6046,11.6372,0
1/21/2015,11.7395,11.7685,11.6861,11.7371,0
1/20/2015,11.7133,11.785,11.6714,11.7413,0
1/19/2015,11.7555,11.7692,11.7078,11.7155,0
1/16/2015,11.7698,11.8106,11.6867,11.7435,0
1/15/2015,11.8115,11.8341,11.7447,11.7765,0
1/14/2015,11.7523,11.839,11.741,11.8115,0
1/13/2015,11.7604,11.7797,11.6869,11.7527,0
1/12/2015,11.7708,11.7806,11.705,11.7632,0
1/9/2015,11.6991,11.7674,11.6894,11.7533,0
1/8/2015,11.7167,11.7256,11.6579,11.7012,0
1/7/2015,11.7475,11.753,11.6735,11.718,0
1/6/2015,11.8254,11.8458,11.7392,11.7489,0
1/5/2015,11.8907,11.896,11.7873,11.8276,0
1/2/2015,12.082,12.0889,11.8861,11.889,0
1/1/2015,12.0765,12.081,12.0517,12.0539,0
12/31/2014,12.0671,12.1131,12.0579,12.0768,0
12/30/2014,12.0351,12.0843,12.0221,12.0692,0
12/29/2014,12.066,12.0961,12.0291,12.0366,0
12/26/2014,12.0556,12.0837,12.0536,12.0743,0
12/25/2014,12.0746,12.0837,12.0494,12.0573,0
12/24/2014,12.0381,12.0817,12.0263,12.0775,0
12/23/2014,12.1085,12.1519,12.0131,12.0404,0
12/22/2014,12.117,12.1192,12.117,12.1192,0
12/19/2014,12.1523,12.164,12.097,12.1194,0
12/18/2014,12.0781,12.1609,12.0567,12.154,0
12/17/2014,12.2104,12.2181,12.0544,12.08,0
12/16/2014,12.1224,12.2393,12.1006,12.2118,0
12/15/2014,12.1836,12.208,12.0933,12.124,0
12/12/2014,12.1942,12.2081,12.1652,12.1852,0
12/11/2014,12.1799,12.2147,12.1303,12.195,0
12/10/2014,12.1466,12.185,12.1266,12.1813,0
12/9/2014,12.1305,12.1879,12.1114,12.1489,0
12/8/2014,12.0796,12.1553,12.0441,12.1332,0
12/5/2014,12.1475,12.1678,12.0652,12.0791,0
12/4/2014,12.16,12.191,12.1244,12.1486,0
12/3/2014,12.1252,12.1881,12.1091,12.1619,0
12/2/2014,12.1979,12.2099,12.1201,12.1255,0
12/1/2014,12.1342,12.2271,12.0846,12.1997,0
11/28/2014,12.1973,12.2061,12.1062,12.1352,0
11/27/2014,12.2437,12.2724,12.1818,12.1995,0
11/26/2014,12.18,12.2575,12.1563,12.2452,0
11/25/2014,12.1817,12.2037,12.1352,12.1807,0
11/24/2014,12.1464,12.1885,12.1187,12.1807,0
11/21/2014,12.1703,12.1897,12.1184,12.146,0
11/20/2014,12.1608,12.2063,12.122,12.1736,0
11/19/2014,12.1201,12.1919,12.0874,12.1618,0
11/18/2014,12.1274,12.1608,12.1187,12.1239,0
11/17/2014,12.149,12.2035,12.1107,12.1292,0
11/14/2014,12.1812,12.1859,12.0891,12.151,0
11/13/2014,12.2347,12.2388,12.1685,12.1837,0
11/12/2014,12.3444,12.3631,12.2312,12.2376,0
11/11/2014,12.285,12.366,12.275,12.345,0
11/10/2014,12.3051,12.341,12.2832,12.2866,0
11/7/2014,12.2722,12.3182,12.2403,12.3067,0
11/6/2014,12.3832,12.4071,12.267,12.274,0
11/5/2014,12.4041,12.4211,12.3001,12.3845,0
11/4/2014,12.3823,12.4169,12.3763,12.4064,0
11/3/2014,12.3878,12.4228,12.3508,12.3834,0
10/31/2014,12.4067,12.4213,12.3626,12.406,0
10/30/2014,12.4157,12.4389,12.3694,12.4081,0
10/29/2014,12.5141,12.5353,12.407,12.4162,0
10/28/2014,12.5046,12.5538,12.4777,12.5133,0
10/27/2014,12.4863,12.526,12.4708,12.5053,0
10/24/2014,12.4329,12.4902,12.4241,12.4818,0
10/23/2014,12.4492,12.4596,12.4056,12.4357,0
10/22/2014,12.4935,12.5127,12.4161,12.4508,0
10/21/2014,12.5373,12.5586,12.4927,12.4965,0
10/20/2014,12.4833,12.5542,12.4716,12.5401,0
10/17/2014,12.4808,12.5112,12.4328,12.4855,0
10/16/2014,12.426,12.4886,12.3648,12.482,0
10/15/2014,12.3344,12.4643,12.3111,12.4271,0
10/14/2014,12.4776,12.4925,12.3294,12.3374,0
10/13/2014,12.471,12.5126,12.4513,12.4788,0
10/10/2014,12.5011,12.5173,12.4197,12.4732,0
10/9/2014,12.5415,12.5857,12.489,12.5025,0
10/8/2014,12.4794,12.5526,12.4335,12.542,0
10/7/2014,12.4716,12.5097,12.4249,12.4816,0
10/6/2014,12.3858,12.4872,12.3734,12.4735,0
10/3/2014,12.5287,12.5448,12.3721,12.3919,0
10/2/2014,12.5661,12.6179,12.5041,12.5303,0
10/1/2014,12.5886,12.6171,12.5484,12.5679,0
9/30/2014,12.6161,12.6455,12.5547,12.59,0
9/29/2014,12.6014,12.638,12.5796,12.6184,0
9/26/2014,12.6522,12.6678,12.5946,12.604,0
9/25/2014,12.6655,12.6714,12.6167,12.6528,0
9/24/2014,12.7032,12.7252,12.6543,12.6663,0
9/23/2014,12.681,12.726,12.6347,12.7039,0
9/22/2014,12.6241,12.6883,12.6241,12.682,0
9/19/2014,12.7105,12.8104,12.6194,12.625,0
9/18/2014,12.6139,12.7187,12.5891,12.7127,0
9/17/2014,12.6155,12.6799,12.593,12.6146,0
9/16/2014,12.5808,12.6437,12.5256,12.6165,0
9/15/2014,12.6101,12.6167,12.5704,12.582,0
9/12/2014,12.5964,12.6172,12.5578,12.609,0
9/11/2014,12.5645,12.6102,12.5413,12.5983,0
9/10/2014,12.482,12.5789,12.4391,12.5658,0
9/9/2014,12.4806,12.5229,12.4443,12.4835,0
9/8/2014,12.5548,12.5817,12.4749,12.4819,0
9/5/2014,12.6569,12.6647,12.6184,12.6537,0
9/4/2014,12.7557,12.7631,12.6538,12.6585,0
9/3/2014,12.7638,12.7866,12.7385,12.7589,0
9/2/2014,12.8706,12.8781,12.7605,12.7652,0
9/1/2014,12.859,12.8997,12.8522,12.8712,0
8/29/2014,12.8532,12.8767,12.8351,12.8642,0
8/28/2014,12.8453,12.8773,12.8379,12.8547,0
8/27/2014,12.8193,12.8698,12.8139,12.8469,0
8/26/2014,12.8472,12.8624,12.817,12.8195,0
8/25/2014,12.8401,12.865,12.806,12.8489,0
8/22/2014,12.8472,12.8634,12.8329,12.8429,0
8/21/2014,12.8623,12.8674,12.8353,12.8496,0
8/20/2014,12.8778,12.9275,12.8562,12.8628,0
8/19/2014,12.9647,12.9657,12.8723,12.8795,0
8/18/2014,12.9405,12.9665,12.9374,12.9611,0
8/15/2014,12.9317,12.9453,12.9238,12.9403,0
8/14/2014,12.9347,12.9428,12.9075,12.9337,0
8/13/2014,13.0304,13.0559,12.93,12.9349,0
8/12/2014,13.0108,13.0358,12.986,13.0327,0
8/11/2014,13.0071,13.0187,12.9968,13.012,0
8/8/2014,13.0463,13.0493,12.9938,13.0022,0
8/7/2014,13.0593,13.0709,13.0376,13.0469,0
8/6/2014,13.0859,13.0899,13.0347,13.0633,0
8/5/2014,13.0677,13.0892,13.0527,13.0868,0
8/4/2014,13.0349,13.0697,13.0285,13.0689,0
8/1/2014,13.0855,13.0925,13.03,13.036,0
7/31/2014,13.1072,13.1194,13.062,13.0869,0
7/30/2014,13.1305,13.1415,13.0871,13.1089,0
7/29/2014,13.1607,13.1725,13.1208,13.1321,0
7/28/2014,13.1527,13.1771,13.1514,13.1627,0
7/25/2014,13.163,13.176,13.1432,13.1555,0
7/24/2014,13.2082,13.2187,13.1474,13.1647,0
7/23/2014,13.2265,13.2522,13.1912,13.2096,0
7/22/2014,13.2365,13.2441,13.2082,13.2277,0
7/21/2014,13.2472,13.2558,13.2191,13.2364,0
7/18/2014,13.2533,13.2705,13.2025,13.2451,0
7/17/2014,13.2814,13.289,13.2406,13.2545,0
7/16/2014,13.2839,13.2949,13.2628,13.2827,0
7/15/2014,13.239,13.3251,13.2192,13.286,0
7/14/2014,13.2646,13.2867,13.227,13.2406,0
7/11/2014,13.2762,13.2937,13.2495,13.2717,0
7/10/2014,13.2954,13.307,13.2534,13.2774,0
7/9/2014,13.2754,13.301,13.2461,13.297,0
7/8/2014,13.2717,13.291,13.238,13.277,0
7/7/2014,13.2985,13.3076,13.2566,13.2742,0
7/4/2014,13.2934,13.3168,13.274,13.2989,0
7/3/2014,13.3029,13.3077,13.2568,13.2951,0
7/2/2014,13.2897,13.3133,13.2814,13.3034,0
7/1/2014,13.2577,13.3047,13.2464,13.2914,0
6/30/2014,13.1901,13.2668,13.18,13.2575,0
6/27/2014,13.1963,13.2179,13.1807,13.2044,0
6/26/2014,13.1644,13.2109,13.1522,13.1995,0
6/25/2014,13.1648,13.1804,13.1375,13.1652,0
6/24/2014,13.1975,13.2036,13.1484,13.1665,0
6/23/2014,13.1869,13.2172,13.1754,13.1983,0
6/20/2014,13.2059,13.226,13.1772,13.1876,0
6/19/2014,13.1696,13.2261,13.1616,13.2061,0
6/18/2014,13.1491,13.1785,13.1181,13.1715,0
6/17/2014,13.1637,13.1713,13.1281,13.1505,0
6/16/2014,13.1532,13.1865,13.145,13.1644,0
6/13/2014,13.1206,13.1726,13.1155,13.1502,0
6/12/2014,13.0126,13.1238,13.0093,13.1222,0
6/11/2014,12.9881,13.0307,12.9735,13.0136,0
6/10/2014,13.022,13.0368,12.9765,12.9886,0
6/9/2014,13.0192,13.0514,13.008,13.0248,0
6/6/2014,13.0389,13.0606,13.0072,13.026,0
6/5/2014,12.974,13.0433,12.9617,13.0402,0
6/4/2014,12.9839,13.0007,12.9432,12.9779,0
6/3/2014,12.9837,13.0118,12.9689,12.9855,0
6/2/2014,12.9916,13.0011,12.965,12.9848,0
5/30/2014,12.9581,13.0087,12.9552,12.9876,0
5/29/2014,12.9563,12.9799,12.94,12.9598,0
5/28/2014,13.0322,13.0375,12.9431,12.9576,0
5/27/2014,13.0555,13.0896,13.009,13.0336,0
5/26/2014,13.0515,13.0691,13.0436,13.0587,0
5/23/2014,13.079,13.0862,13.0331,13.0532,0
5/22/2014,13.1005,13.1178,13.0635,13.0811,0
5/21/2014,13.0532,13.1191,13.0463,13.1033,0
5/20/2014,13.0328,13.073,13.0229,13.0542,0
5/19/2014,13.03,13.0593,13.0247,13.0341,0
5/16/2014,13.0143,13.0549,13.0081,13.0361,0
5/15/2014,12.9954,13.0287,12.967,13.0148,0
5/14/2014,13.041,13.0803,12.984,12.997,0
5/13/2014,13.0735,13.0881,13.0348,13.0429,0
5/12/2014,13.051,13.1042,13.0479,13.0759,0
5/9/2014,13.1256,13.13,13.0453,13.0623,0
5/8/2014,13.1426,13.1594,13.1161,13.126,0
5/7/2014,13.1595,13.1691,13.1395,13.1439,0
5/6/2014,13.0711,13.1771,13.0711,13.1594,0
5/5/2014,13.0753,13.0932,13.0618,13.075,0
5/2/2014,13.0931,13.1012,13.0392,13.0759,0
5/1/2014,13.08,13.1182,13.0761,13.0963,0
4/30/2014,13.0461,13.1048,13.0276,13.0813,0
4/29/2014,13.0292,13.0641,13.0181,13.047,0
4/28/2014,13.0178,13.0689,13.0062,13.0309,0
4/25/2014,13.0272,13.0492,13.0157,13.0296,0
4/24/2014,13.0101,13.0328,12.9962,13.0297,0
4/23/2014,13.041,13.0534,12.9934,13.0108,0
4/22/2014,13.0185,13.0563,13.0125,13.0433,0
4/21/2014,13.0151,13.041,13.0112,13.0204,0
4/18/2014,13.0199,13.0332,13.0031,13.0332,0
4/17/2014,13.0219,13.0602,13.0143,13.0219,0
4/16/2014,12.9712,13.0431,12.9625,13.0255,0
4/15/2014,12.9696,12.9882,12.9332,12.9723,0
4/14/2014,12.9525,12.9835,12.9432,12.9711,0
4/11/2014,13.0121,13.0187,12.9599,12.9734,0
4/10/2014,13.0199,13.043,12.9888,13.0134,0
4/9/2014,12.9841,13.0269,12.9647,13.0207,0
4/8/2014,12.8797,12.9936,12.8744,12.9868,0
4/7/2014,12.8549,12.8935,12.8458,12.8808,0
4/4/2014,12.8732,12.8826,12.8397,12.8606,0
4/3/2014,12.8942,12.9243,12.851,12.8753,0
4/2/2014,12.8948,12.9268,12.8886,12.8957,0
4/1/2014,12.9216,12.9371,12.8887,12.8988,0
3/31/2014,12.9137,12.9427,12.8862,12.9254,0
3/28/2014,12.8848,12.9186,12.8758,12.9077,0
3/27/2014,12.8641,12.9161,12.8417,12.8853,0
3/26/2014,12.8183,12.8773,12.8061,12.8682,0
3/25/2014,12.7966,12.8382,12.7834,12.8203,0
3/24/2014,12.7911,12.8291,12.7686,12.7982,0
3/21/2014,12.8137,12.8284,12.7834,12.7904,0
3/20/2014,12.8446,12.8657,12.7925,12.8153,0
3/19/2014,12.8856,12.9307,12.8172,12.8462,0
3/18/2014,12.919,12.9288,12.8478,12.8877,0
3/17/2014,12.9246,12.9424,12.8905,12.9211,0
3/14/2014,12.9074,12.9337,12.8765,12.9297,0
3/13/2014,12.9037,12.9814,12.8897,12.9095,0
3/12/2014,12.896,12.9168,12.8628,12.9068,0
3/11/2014,12.9165,12.9257,12.8788,12.8987,0
3/10/2014,12.9716,12.9963,12.8984,12.9186,0
3/7/2014,12.9905,13.0282,12.9637,12.9727,0
3/6/2014,12.9763,13.0205,12.9465,12.9913,0
3/5/2014,12.9318,12.9941,12.9238,12.9781,0
3/4/2014,12.9345,12.9752,12.9119,12.9331,0
3/3/2014,12.994,13.0017,12.9229,12.9369,0
2/28/2014,12.9508,13.0153,12.9407,12.9949,0
2/27/2014,12.9393,12.9591,12.8936,12.9529,0
2/26/2014,12.9429,12.9582,12.8957,12.9399,0
2/25/2014,12.9208,12.9826,12.912,12.946,0
2/24/2014,12.888,12.9384,12.865,12.9232,0
2/21/2014,12.912,12.9744,12.8816,12.8866,0
2/20/2014,12.9344,12.9503,12.8927,12.9134,0
2/19/2014,12.9362,12.9779,12.9008,12.9359,0
2/18/2014,12.9601,12.985,12.9146,12.9377,0
2/17/2014,12.984,13.0495,12.9448,12.9623,0
2/14/2014,12.9185,12.9967,12.9069,12.9878,0
2/13/2014,12.8715,12.9329,12.8675,12.9206,0
2/12/2014,12.7581,12.876,12.7363,12.873,0
2/11/2014,12.7209,12.7894,12.7134,12.7591,0
2/10/2014,12.7306,12.7444,12.7048,12.7232,0
2/7/2014,12.6646,12.7408,12.6445,12.7331,0
2/6/2014,12.6573,12.6864,12.6237,12.6656,0
2/5/2014,12.673,12.6865,12.6134,12.6588,0
2/4/2014,12.6639,12.6907,12.6196,12.6747,0
2/3/2014,12.765,12.7671,12.6489,12.6645,0
1/31/2014,12.8031,12.8161,12.754,12.7599,0
1/30/2014,12.8565,12.8643,12.7693,12.8042,0
1/29/2014,12.8705,12.893,12.8295,12.8591,0
1/28/2014,12.8791,12.9092,12.8355,12.8738,0
1/27/2014,12.7927,12.8854,12.7856,12.8799,0
1/24/2014,12.9072,12.939,12.7904,12.7956,0
1/23/2014,12.8573,12.9137,12.8409,12.9084,0
1/22/2014,12.7779,12.868,12.7582,12.859,0
1/21/2014,12.7428,12.788,12.7193,12.7807,0
1/20/2014,12.7329,12.763,12.7149,12.7452,0
1/17/2014,12.6809,12.7665,12.6467,12.7377,0
1/16/2014,12.6933,12.7043,12.6518,12.6822,0
1/15/2014,12.7443,12.7524,12.6548,12.6944,0
1/14/2014,12.7029,12.7681,12.6891,12.7484,0
1/13/2014,12.778,12.8012,12.6749,12.7035,0
1/10/2014,12.7778,12.8114,12.7164,12.7814,0
1/9/2014,12.7521,12.7931,12.7466,12.78,0
1/8/2014,12.7186,12.7731,12.6973,12.7538,0
1/7/2014,12.7202,12.7482,12.6952,12.7196,0
1/6/2014,12.7224,12.7447,12.6679,12.7218,0
1/3/2014,12.7556,12.7773,12.7126,12.7294,0
1/2/2014,12.8413,12.8767,12.7249,12.7582,0
1/1/2014,12.8364,12.8558,12.8122,12.8449,0
12/31/2013,12.7951,12.8573,12.7717,12.839,0
12/30/2013,12.7686,12.822,12.762,12.7969,0
12/27/2013,12.7261,12.8566,12.72,12.7806,0
12/26/2013,12.6766,12.7492,12.6746,12.7276,0
12/25/2013,12.6963,12.6995,12.6362,12.6795,0
12/24/2013,12.6793,12.705,12.6549,12.6987,0
12/23/2013,12.6646,12.6985,12.6562,12.6821,0
12/20/2013,12.6914,12.7157,12.65,12.6673,0
12/19/2013,12.7066,12.711,12.6625,12.696,0
12/18/2013,12.6062,12.7791,12.6046,12.7074,0
12/17/2013,12.6345,12.6673,12.5733,12.6088,0
12/16/2013,12.6365,12.6772,12.6243,12.6361,0
12/13/2013,12.6762,12.6867,12.6059,12.6377,0
12/12/2013,12.6962,12.7319,12.6526,12.6774,0
12/11/2013,12.7505,12.7627,12.668,12.6977,0
12/10/2013,12.7374,12.7661,12.7283,12.7517,0
12/9/2013,12.6761,12.7416,12.6558,12.7385,0
12/6/2013,12.6658,12.7132,12.6366,12.6782,0
12/5/2013,12.7003,12.7192,12.6367,12.6658,0
12/4/2013,12.707,12.7188,12.6577,12.7027,0
12/3/2013,12.6774,12.7426,12.6708,12.7079,0
12/2/2013,12.6837,12.7495,12.6669,12.6799,0
11/29/2013,12.6699,12.7038,12.6463,12.6894,0
11/28/2013,12.6264,12.6838,12.6172,12.6696,0
11/27/2013,12.5688,12.6613,12.5537,12.628,0
11/26/2013,12.5228,12.5759,12.5096,12.5712,0
11/25/2013,12.5789,12.5921,12.5057,12.5252,0
11/22/2013,12.5572,12.5825,12.5389,12.5801,0
11/21/2013,12.4829,12.5604,12.4568,12.5595,0
11/20/2013,12.4937,12.5418,12.4692,12.4841,0
11/19/2013,12.4871,12.5059,12.4472,12.4963,0
11/18/2013,12.4983,12.5209,12.4646,12.4889,0
11/15/2013,12.4544,12.5111,12.4419,12.5005,0
11/14/2013,12.4474,12.4847,12.3939,12.4562,0
11/13/2013,12.3293,12.4579,12.3087,12.4501,0
11/12/2013,12.3949,12.3982,12.2894,12.3311,0
11/11/2013,12.4142,12.4218,12.376,12.3961,0
11/8/2013,12.4767,12.4853,12.3672,12.4162,0
11/7/2013,12.4629,12.4914,12.4081,12.4779,0
11/6/2013,12.4359,12.4954,12.4328,12.4657,0
11/5/2013,12.377,12.4512,12.3605,12.4382,0
11/4/2013,12.3438,12.3876,12.3274,12.378,0
11/1/2013,12.435,12.4429,12.3314,12.3463,0
10/31/2013,12.4354,12.4602,12.4081,12.4378,0
10/30/2013,12.4402,12.4686,12.4033,12.4357,0
10/29/2013,12.5144,12.5183,12.4225,12.4421,0
10/28/2013,12.5355,12.5684,12.4989,12.5156,0
10/25/2013,12.5616,12.5971,12.5205,12.5348,0
10/24/2013,12.5306,12.5792,12.5096,12.5632,0
10/23/2013,12.5852,12.6044,12.4967,12.5326,0
10/22/2013,12.5167,12.5971,12.4925,12.5867,0
10/21/2013,12.5322,12.5464,12.5062,12.5181,0
10/18/2013,12.5336,12.5821,12.5145,12.5362,0
10/17/2013,12.3663,12.5401,12.3589,12.5343,0
10/16/2013,12.4056,12.4443,12.323,12.3691,0
10/15/2013,12.3924,12.4146,12.3397,12.4055,0
10/14/2013,12.3676,12.4234,12.3661,12.3952,0
10/11/2013,12.3794,12.4085,12.3451,12.3721,0
10/10/2013,12.3714,12.3914,12.338,12.3808,0
10/9/2013,12.4698,12.5021,12.34,12.3731,0
10/8/2013,12.4796,12.5049,12.4199,12.4722,0
10/7/2013,12.4168,12.4858,12.4165,12.4818,0
10/4/2013,12.5267,12.5459,12.4101,12.4147,0
10/3/2013,12.5774,12.5959,12.5244,12.5279,0
10/2/2013,12.5548,12.6043,12.5314,12.5805,0
10/1/2013,12.552,12.6119,12.548,12.5577,0
9/30/2013,12.5123,12.5652,12.487,12.5538,0
9/27/2013,12.4371,12.5234,12.4284,12.5142,0
9/26/2013,12.4662,12.4827,12.4038,12.4383,0
9/25/2013,12.4078,12.4754,12.387,12.4683,0
9/24/2013,12.4369,12.441,12.3676,12.4082,0
9/23/2013,12.4076,12.4623,12.3977,12.4383,0
9/20/2013,12.4296,12.4596,12.3919,12.4096,0
9/19/2013,12.5173,12.5252,12.4211,12.4301,0
9/18/2013,12.3293,12.5329,12.3217,12.5197,0
9/17/2013,12.3242,12.3589,12.316,12.3319,0
9/16/2013,12.3061,12.3781,12.3061,12.326,0
9/13/2013,12.2541,12.3185,12.2312,12.3103,0
9/12/2013,12.2654,12.2825,12.2336,12.256,0
9/11/2013,12.2,12.2763,12.1874,12.266,0
9/10/2013,12.1704,12.2097,12.1608,12.2017,0
9/9/2013,12.1245,12.2016,12.1007,12.1701,0
9/6/2013,12.0899,12.162,12.0688,12.1218,0
9/5/2013,12.1164,12.1515,12.0764,12.0911,0
9/4/2013,12.0637,12.1367,12.0601,12.1188,0
9/3/2013,12.0531,12.0991,12.0356,12.0663,0
9/2/2013,12.0272,12.0915,12.022,12.0547,0
8/30/2013,12.023,12.0426,11.9875,12.0277,0
8/29/2013,12.0401,12.0584,12.0055,12.0241,0
8/28/2013,12.0567,12.0636,11.9629,12.0433,0
8/27/2013,12.0789,12.0938,12.0066,12.0587,0
8/26/2013,12.0761,12.1086,12.0631,12.0809,0
8/23/2013,12.0887,12.1261,12.05,12.0728,0
8/22/2013,12.1401,12.1483,12.0676,12.0896,0
8/21/2013,12.1477,12.1885,12.124,12.1433,0
8/20/2013,12.1325,12.1713,12.117,12.1491,0
8/19/2013,12.1167,12.1546,12.1004,12.1353,0
8/16/2013,12.1296,12.142,12.1001,12.1194,0
8/15/2013,12.0198,12.1382,12.0159,12.1292,0
8/14/2013,11.9791,12.0583,11.959,12.0214,0
8/13/2013,11.9922,12.0278,11.9621,11.9806,0
8/12/2013,12.022,12.0386,11.9866,11.9934,0
8/9/2013,12.0499,12.0675,12.017,12.0215,0
8/8/2013,12.013,12.0799,12.0088,12.0519,0
8/7/2013,11.9037,12.0465,11.7921,12.0143,0
8/6/2013,11.912,11.9392,11.8901,11.9047,0
8/5/2013,11.762,11.9299,11.7615,11.9136,0
8/2/2013,11.7251,11.8754,11.7122,11.8588,0
8/1/2013,11.7947,11.8235,11.7179,11.7278,0
7/31/2013,11.8155,11.8312,11.7293,11.795,0
7/30/2013,11.8964,11.9089,11.8047,11.8168,0
7/29/2013,11.9272,11.9562,11.889,11.8992,0
7/26/2013,11.9383,11.9604,11.9098,11.9317,0
7/25/2013,11.8806,11.9735,11.8411,11.9398,0
7/24/2013,11.9223,11.9399,11.8592,11.8814,0
7/23/2013,11.9147,11.9413,11.8876,11.9228,0
7/22/2013,11.8407,11.9353,11.8344,11.9178,0
7/19/2013,11.8139,11.8555,11.788,11.8451,0
7/18/2013,11.7995,11.8255,11.7564,11.815,0
7/17/2013,11.7596,11.8445,11.6963,11.8015,0
7/16/2013,11.7165,11.7692,11.6678,11.7616,0
7/15/2013,11.7192,11.7354,11.6567,11.7164,0
7/12/2013,11.7744,11.7822,11.6932,11.7217,0
7/11/2013,11.6444,11.809,11.6327,11.7779,0
7/10/2013,11.5296,11.6457,11.513,11.6441,0
7/9/2013,11.5943,11.6212,11.4892,11.5319,0
7/8/2013,11.5541,11.6085,11.5204,11.597,0
7/5/2013,11.6845,11.6936,11.5187,11.5457,0
7/4/2013,11.8481,11.8545,11.672,11.6863,0
7/3/2013,11.7481,11.8672,11.7304,11.8479,0
7/2/2013,11.8009,11.8186,11.7345,11.7496,0
7/1/2013,11.7886,11.8271,11.7727,11.8021,0
6/28/2013,11.8364,11.853,11.7601,11.7995,0
6/27/2013,11.8814,11.9057,11.7902,11.8379,0
6/26/2013,11.9645,11.9794,11.8688,11.8832,0
6/25/2013,11.9706,12.0043,11.9425,11.9649,0
6/24/2013,11.9462,11.9999,11.8986,11.9728,0
6/21/2013,12.0296,12.0466,11.9206,11.9622,0
6/20/2013,12.0102,12.0366,11.9534,12.0305,0
6/19/2013,12.1355,12.1605,11.9844,12.0133,0
6/18/2013,12.1979,12.202,12.0739,12.1365,0
6/17/2013,12.191,12.2242,12.1669,12.1989,0
6/14/2013,12.2035,12.2116,12.1179,12.1887,0
6/13/2013,12.1744,12.2177,12.1455,12.2054,0
6/12/2013,12.1479,12.1925,12.1362,12.1738,0
6/11/2013,12.089,12.154,12.0491,12.1515,0
6/10/2013,12.0747,12.1008,12.0271,12.0902,0
6/7/2013,12.1097,12.1242,12.0201,12.0773,0
6/6/2013,11.9538,12.173,11.9347,12.1124,0
6/5/2013,11.8806,11.9616,11.8663,11.9566,0
6/4/2013,11.8917,11.9117,11.8515,11.8829,0
6/3/2013,11.7925,11.9352,11.7901,11.8929,0
5/31/2013,11.8232,11.833,11.7501,11.7988,0
5/30/2013,11.7458,11.831,11.7305,11.8266,0
5/29/2013,11.6766,11.7599,11.6496,11.7487,0
5/28/2013,11.7234,11.7499,11.6643,11.678,0
5/27/2013,11.7412,11.7668,11.7115,11.7248,0
5/24/2013,11.7257,11.7569,11.6934,11.7427,0
5/23/2013,11.6774,11.7441,11.6532,11.7281,0
5/22/2013,11.7596,11.7768,11.6555,11.6792,0
5/21/2013,11.8408,11.859,11.7273,11.7628,0
5/20/2013,11.7782,11.8611,11.7658,11.842,0
5/17/2013,11.8538,11.8654,11.7648,11.7769,0
5/16/2013,11.8243,11.8965,11.7962,11.855,0
5/15/2013,11.8043,11.8541,11.7754,11.8253,0
5/14/2013,11.8722,11.899,11.802,11.8071,0
5/13/2013,11.9049,11.9408,11.8557,11.8736,0
5/10/2013,11.9863,11.9962,11.883,11.9248,0
5/9/2013,12.0536,12.0954,11.967,11.9871,0
5/8/2013,12.0153,12.1019,12.0043,12.054,0
5/7/2013,12.0586,12.0687,11.9861,12.0174,0
5/6/2013,12.0806,12.1039,12.0412,12.0602,0
5/3/2013,12.0524,12.1068,12.0112,12.0823,0
5/2/2013,12.0688,12.0989,12.0221,12.0547,0
5/1/2013,12.0522,12.1108,12.0468,12.0712,0
4/30/2013,12.0288,12.0816,12.0044,12.0538,0
4/29/2013,12.0191,12.0696,12.0122,12.0308,0
4/26/2013,11.9811,12.0323,11.9685,12.0173,0
4/25/2013,11.8519,12.0186,11.8496,11.9834,0
4/24/2013,11.8306,11.8698,11.8199,11.8546,0
4/23/2013,11.8709,11.8774,11.798,11.8317,0
4/22/2013,11.8257,11.8737,11.8035,11.8735,0
4/19/2013,11.8646,11.9317,11.8179,11.8241,0
4/18/2013,11.8321,11.8875,11.8113,11.8635,0
4/17/2013,11.9341,11.9356,11.8108,11.8314,0
4/16/2013,11.8661,11.94,11.8532,11.9276,0
4/15/2013,11.9072,11.9426,11.8515,11.8691,0
4/12/2013,11.9394,11.9625,11.905,11.9075,0
4/11/2013,11.898,11.9629,11.8886,11.9396,0
4/10/2013,11.8929,11.9116,11.8695,11.8978,0
4/9/2013,11.8482,11.913,11.8366,11.8972,0
4/8/2013,11.9016,11.9199,11.83,11.8449,0
4/5/2013,11.8254,11.9323,11.7968,11.9089,0
4/4/2013,11.7455,11.8375,11.6677,11.825,0
4/3/2013,11.7236,11.7667,11.6997,11.7431,0
4/2/2013,11.8192,11.8459,11.7184,11.7241,0
4/1/2013,11.7965,11.8331,11.7804,11.8223,0
3/29/2013,11.7889,11.8157,11.7813,11.8063,0
3/28/2013,11.7432,11.8024,11.7314,11.7955,0
3/27/2013,11.7619,11.7845,11.7156,11.7467,0
3/26/2013,11.7761,11.803,11.7418,11.7628,0
3/25/2013,11.8248,11.8476,11.7521,11.7782,0
3/22/2013,11.7766,11.8389,11.7711,11.8255,0
3/21/2013,11.7253,11.8072,11.7105,11.7784,0
3/20/2013,11.7143,11.7882,11.6612,11.7219,0
3/19/2013,11.724,11.7535,11.694,11.7192,0
3/18/2013,11.7348,11.7535,11.6945,11.7257,0
3/15/2013,11.6994,11.7763,11.6882,11.7312,0
3/14/2013,11.5744,11.7307,11.5683,11.7025,0
3/13/2013,11.5577,11.623,11.5496,11.5745,0
3/12/2013,11.5682,11.5742,11.5021,11.5629,0
3/11/2013,11.5696,11.5915,11.5285,11.5684,0
