Date,Open,High,Low,Close,Adj Close,Volume
3/11/2013,8021.879883,8089.209961,8001.850098,8038.720215,8038.720215,2878800
3/12/2013,8039,8063.22998,7986.589844,7994.709961,7994.709961,2738000
3/13/2013,8018.899902,8047.560059,7962.419922,7995.509766,7995.509766,2224400
3/14/2013,8002.419922,8002.709961,7946.290039,7951.759766,7951.759766,2150200
3/15/2013,7989.669922,7999.919922,7924.939941,7927.490234,7927.490234,2530400
3/18/2013,7886.689941,7888.160156,7807.609863,7811.339844,7811.339844,2031400
3/19/2013,7843.470215,7863.77002,7823.810059,7838.470215,7838.470215,1804200
3/20/2013,7834.72998,7844.540039,7786.560059,7798.029785,7798.029785,1954200
3/21/2013,7828.950195,7843.160156,7811.839844,7811.839844,7811.839844,1695800
3/22/2013,7811.52002,7832.589844,7796.220215,7796.220215,7796.220215,1727200
3/25/2013,7862.580078,7877.049805,7854.470215,7856.120117,7856.120117,1806800
3/26/2013,7873.700195,7876.680176,7845.560059,7856.359863,7856.359863,1850200
3/27/2013,7872.75,7894.259766,7857.319824,7894.120117,7894.120117,1851200
3/28/2013,7905.709961,7905.709961,7844.839844,7866.879883,7866.879883,1813200
3/29/2013,7904.5,7931.700195,7883.810059,7918.609863,7918.609863,1594000
4/1/2013,7934.25,7937.72998,7896.569824,7899.240234,7899.240234,1560000
4/2/2013,7897.160156,7924.459961,7879.549805,7913.180176,7913.180176,1638000
4/3/2013,7949.120117,7954.149902,7913.77002,7942.350098,7942.350098,1919600
4/8/2013,7831.220215,7843.100098,7747.470215,7752.790039,7752.790039,2561600
4/9/2013,7766.620117,7781.129883,7714.930176,7728.540039,7728.540039,1888800
4/10/2013,7772.950195,7772.950195,7739.990234,7752.799805,7752.799805,1736400
4/11/2013,7788.580078,7857.97998,7788.580078,7857.97998,7857.97998,1842000
4/12/2013,7861.120117,7864.859863,7810.540039,7821.629883,7821.629883,1677600
4/15/2013,7815.319824,7835.120117,7753.240234,7763.529785,7763.529785,1634200
4/16/2013,7690.910156,7801.049805,7688.620117,7801.049805,7801.049805,1548000
4/17/2013,7822.810059,7822.810059,7791.529785,7809.069824,7809.069824,1906600
4/18/2013,7781.47998,7826.129883,7757.330078,7791.350098,7791.350098,1784600
4/19/2013,7868.899902,7933.720215,7862.919922,7930.799805,7930.799805,2033800
4/22/2013,7976.100098,7996.549805,7950.009766,7970.379883,7970.379883,1947200
4/23/2013,7955.919922,7968.790039,7913.600098,7942.77002,7942.77002,1876400
4/24/2013,7977.399902,8025.450195,7968.279785,8023.709961,8023.709961,2412000
4/25/2013,8015.379883,8026.459961,7994.189941,8021.75,8021.75,1941400
4/26/2013,8034.470215,8081.370117,8020.470215,8022.060059,8022.060059,2227800
4/29/2013,8043.709961,8046.220215,8014.27002,8029.740234,8029.740234,1796200
4/30/2013,8065.919922,8115.589844,8065.919922,8093.660156,8093.660156,2283200
5/2/2013,8111.430176,8139.490234,8095.700195,8128.509766,8128.509766,2151000
5/3/2013,8157.509766,8175.330078,8121.069824,8135.029785,8135.029785,2032400
5/6/2013,8188.47998,8197.519531,8153.959961,8169.049805,8169.049805,1971000
5/7/2013,8177.580078,8181.799805,8145.100098,8163.060059,8163.060059,1872600
5/8/2013,8177.939941,8284.089844,8177.939941,8267.089844,8267.089844,2467800
5/9/2013,8314.370117,8322.69043,8279.459961,8285.889648,8285.889648,2414000
5/10/2013,8284.379883,8297.330078,8258.620117,8280.259766,8280.259766,2270000
5/13/2013,8285.450195,8296.540039,8230.650391,8248.320313,8248.320313,1958400
5/14/2013,8272.200195,8295.410156,8233.980469,8251.820313,8251.820313,1960600
5/15/2013,8264.099609,8320.320313,8251.509766,8318.589844,8318.589844,2302600
5/16/2013,8362.490234,8414.879883,8346.450195,8390.049805,8390.049805,3446200
5/17/2013,8377.259766,8402.339844,8356.790039,8368.19043,8368.19043,2547200
5/20/2013,8364.950195,8385.679688,8347.330078,8377.049805,8377.049805,2114400
5/21/2013,8381.360352,8420.679688,8361.959961,8383.049805,8383.049805,2660600
5/22/2013,8414.05957,8439.150391,8376.209961,8398.839844,8398.839844,3031400
5/23/2013,8367.849609,8373.089844,8235.5,8237.830078,8237.830078,3340000
5/24/2013,8273.209961,8277.55957,8172.540039,8209.780273,8209.780273,2450400
5/27/2013,8218.879883,8280.099609,8210.320313,8280.099609,8280.099609,1894000
5/28/2013,8289.150391,8303.709961,8261.540039,8263.049805,8263.049805,1988600
5/29/2013,8303.200195,8344.209961,8303.200195,8337.900391,8337.900391,2471400
5/30/2013,8316.969727,8316.969727,8228.799805,8243.290039,8243.290039,2458800
5/31/2013,8318.769531,8334.44043,8237.080078,8254.799805,8254.799805,3586800
6/3/2013,8177.970215,8225.790039,8149.450195,8201.019531,8201.019531,2142200
6/4/2013,8243.219727,8250.169922,8180.390137,8191.220215,8191.220215,2192000
6/5/2013,8195.519531,8216.30957,8161.100098,8181.910156,8181.910156,2282800
6/6/2013,8135.560059,8162.25,8088.310059,8096.140137,8096.140137,2347800
6/7/2013,8113.950195,8146.779785,8071.97998,8095.200195,8095.200195,2536400
6/10/2013,8161.509766,8190.870117,8142.709961,8160.549805,8160.549805,1703000
6/11/2013,8178.950195,8178.950195,8116.149902,8116.149902,8116.149902,1809000
6/13/2013,8041.5,8057.330078,7951.660156,7951.660156,7951.660156,2286800
6/14/2013,7978.75,7989.189941,7912.370117,7937.740234,7937.740234,2085600
6/17/2013,7953.649902,7999.430176,7940.720215,7992.890137,7992.890137,1509200
6/18/2013,7994.810059,8024.950195,7955.740234,8011.02002,8011.02002,1719200
6/19/2013,8033.319824,8056.189941,8005.569824,8007.390137,8007.390137,1797800
6/20/2013,7952.359863,7962.759766,7890.930176,7898.910156,7898.910156,2156200
6/21/2013,7778.839844,7815.790039,7739.089844,7793.310059,7793.310059,3274800
6/24/2013,7788.450195,7815.100098,7744.490234,7758.029785,7758.029785,2153600
6/25/2013,7750.339844,7792.27002,7663.22998,7663.22998,7663.22998,2368000
6/26/2013,7789.339844,7821.140137,7742.200195,7784.799805,7784.799805,2405200
6/27/2013,7841.319824,7884.129883,7834.330078,7883.899902,7883.899902,2369400
6/28/2013,7928.540039,8062.209961,7891.060059,8062.209961,8062.209961,2251800
7/1/2013,8011.950195,8063.470215,7974.149902,8036,8036,2063400
7/2/2013,8061.839844,8064.120117,8012.790039,8015.859863,8015.859863,1986800
7/3/2013,7991.529785,7995.299805,7899.080078,7911.419922,7911.419922,2276800
7/4/2013,7919.259766,7927.080078,7877.060059,7893.720215,7893.720215,1796800
7/5/2013,7932.299805,8018.930176,7926.350098,8001.819824,8001.819824,1885000
7/8/2013,7980.109863,7992.160156,7885,7886.339844,7886.339844,1742000
7/9/2013,7891.529785,7975.640137,7891.370117,7971.180176,7971.180176,1739400
7/10/2013,7974.990234,8057.919922,7974.990234,8011.689941,8011.689941,2279800
7/11/2013,8080.970215,8179.540039,8080.970215,8179.540039,8179.540039,2724800
7/12/2013,8187.859863,8220.490234,8169.919922,8220.490234,8220.490234,2277800
7/15/2013,8178.259766,8254.679688,8175.549805,8254.679688,8254.679688,2128200
7/16/2013,8243.620117,8260.110352,8222.169922,8260.110352,8260.110352,2449000
7/17/2013,8239.099609,8260.25,8208.709961,8258.950195,8258.950195,2677400
7/18/2013,8238.280273,8265.700195,8181.990234,8194.879883,8194.879883,2557800
7/19/2013,8117.939941,8139.810059,8046.700195,8062.029785,8062.029785,2541200
7/22/2013,8092.029785,8137.370117,8092.029785,8105.450195,8105.450195,1948400
7/23/2013,8152.720215,8220.889648,8145.089844,8214.650391,8214.650391,2607200
7/24/2013,8222.849609,8233.099609,8172.22998,8196.19043,8196.19043,2210200
7/25/2013,8173.189941,8203.490234,8140.410156,8163.580078,8163.580078,2044600
7/26/2013,8188.359863,8222.820313,8135.72998,8149.399902,8149.399902,1833800
7/29/2013,8146.140137,8163.890137,8074.290039,8084.5,8084.5,1566000
7/30/2013,8113.169922,8176.740234,8112.910156,8163.549805,8163.549805,1789200
7/31/2013,8163.439941,8170.569824,8107.600098,8107.939941,8107.939941,2083500
8/1/2013,8110.72998,8113.399902,8056.220215,8056.220215,8056.220215,2017200
8/2/2013,8114.509766,8162.910156,8087.100098,8099.879883,8099.879883,2267000
8/5/2013,8104.200195,8143.439941,8075.990234,8138.629883,8138.629883,1870100
8/6/2013,8129.850098,8129.850098,8028.930176,8038.910156,8038.910156,2093500
8/7/2013,7993.569824,7993.569824,7921.290039,7921.290039,7921.290039,2091200
8/8/2013,7910.200195,7932.350098,7894.180176,7907.669922,7907.669922,1950400
8/9/2013,7955,7955,7853.970215,7856.140137,7856.140137,2009000
8/12/2013,7878.220215,7908.680176,7862.040039,7903.379883,7903.379883,1668000
8/13/2013,7935.790039,7986.27002,7935.790039,7986.27002,7986.27002,1916200
8/14/2013,7978.740234,7981.560059,7926.22998,7951.330078,7951.330078,2004300
8/15/2013,7903.009766,7916.02002,7850.27002,7887.259766,7887.259766,2166600
8/16/2013,7854.680176,7949.430176,7850.490234,7925,7925,2037700
8/19/2013,7937.450195,7944.740234,7888.870117,7900.209961,7900.209961,1804300
8/20/2013,7896.379883,7924.52002,7829.779785,7832.649902,7832.649902,2051400
8/22/2013,7779.439941,7825.560059,7737.330078,7814.379883,7814.379883,2255900
8/23/2013,7863.72998,7895.129883,7845.919922,7873.310059,7873.310059,1946600
8/26/2013,7906.52002,7913.740234,7874.049805,7894.970215,7894.970215,1564000
8/27/2013,7875.930176,7895.22998,7820.839844,7820.839844,7820.839844,1852400
8/28/2013,7776.870117,7834.109863,7761.759766,7824.540039,7824.540039,1666200
8/29/2013,7841.990234,7931.049805,7841.990234,7917.660156,7917.660156,1754200
8/30/2013,7949.990234,8021.890137,7936.819824,8021.890137,8021.890137,2087800
9/2/2013,8010.149902,8052.709961,7993.129883,8038.859863,8038.859863,1807200
9/3/2013,8095.660156,8102.660156,8067.620117,8088.370117,8088.370117,2107400
9/4/2013,8066.669922,8094.120117,8041.490234,8083.439941,8083.439941,2034100
9/5/2013,8109.240234,8169.100098,8107.220215,8169.100098,8169.100098,2419300
9/6/2013,8180.529785,8182.560059,8155.5,8164.200195,8164.200195,2418400
9/9/2013,8176.470215,8192.110352,8117.870117,8192.110352,8192.110352,2156500
9/10/2013,8217.209961,8238.910156,8155.870117,8208.769531,8208.769531,2388600
9/11/2013,8174.540039,8208.990234,8137.069824,8208.990234,8208.990234,2169100
9/12/2013,8180.379883,8226.610352,8177.029785,8225.360352,8225.360352,2168200
9/13/2013,8210.150391,8228.669922,8162.140137,8168.200195,8168.200195,1606400
9/16/2013,8189.609863,8255.339844,8189.609863,8255.339844,8255.339844,1894800
9/17/2013,8241.030273,8249.780273,8218.94043,8249.780273,8249.780273,1632500
9/18/2013,8248.179688,8263.049805,8209.179688,8209.179688,8209.179688,1853300
9/23/2013,8226.799805,8293.030273,8221.339844,8292.830078,8292.830078,2274900
9/24/2013,8295.5,8310.94043,8265.549805,8299.120117,8299.120117,2283200
9/25/2013,8283.599609,8285.280273,8253.429688,8283.900391,8283.900391,2257100
9/26/2013,8290.099609,8290.099609,8184.680176,8184.680176,8184.680176,2068800
9/27/2013,8222.129883,8244.860352,8207.719727,8230.679688,8230.679688,2154900
9/30/2013,8174.859863,8204.400391,8137.109863,8173.870117,8173.870117,1885800
10/1/2013,8173.990234,8222.379883,8172.790039,8187.02002,8187.02002,2001300
10/2/2013,8215.959961,8228.80957,8204.339844,8216.519531,8216.519531,2471200
10/3/2013,8231.679688,8376.790039,8231.679688,8359.019531,8359.019531,3252800
10/4/2013,8345.820313,8376.05957,8336.610352,8364.549805,8364.549805,2566700
10/7/2013,8354.910156,8361.5,8323.790039,8333.660156,8333.660156,2777100
10/8/2013,8340.330078,8375.650391,8311.589844,8375.650391,8375.650391,2581600
10/9/2013,8352.25,8378.370117,8330.790039,8344.730469,8344.730469,2605200
10/11/2013,8407.450195,8433.530273,8349.370117,8349.370117,8349.370117,2618600
10/14/2013,8339.990234,8343.650391,8269.160156,8273.959961,8273.959961,2278900
10/15/2013,8320.480469,8368.019531,8320.480469,8367.879883,8367.879883,2286900
10/16/2013,8384.030273,8384.030273,8332.179688,8332.179688,8332.179688,2017400
10/17/2013,8390.879883,8415.160156,8364.889648,8374.679688,8374.679688,2263300
10/18/2013,8416.330078,8441.19043,8390.320313,8441.19043,8441.19043,2315100
10/21/2013,8456.679688,8459.299805,8400.05957,8419.320313,8419.320313,1980700
10/22/2013,8407.620117,8425.30957,8376.269531,8418.269531,8418.269531,1945800
10/23/2013,8419.799805,8438.950195,8380.150391,8393.620117,8393.620117,1912600
10/24/2013,8364.450195,8413.719727,8346.519531,8413.719727,8413.719727,1662800
10/25/2013,8380.30957,8390.25,8322.150391,8346.620117,8346.620117,1962800
10/28/2013,8365.429688,8414.80957,8348.419922,8407.830078,8407.830078,1712900
10/29/2013,8394.849609,8432.900391,8380.209961,8420.980469,8420.980469,1822800
10/30/2013,8429.400391,8465.05957,8419.209961,8465.05957,8465.05957,2049400
10/31/2013,8437.759766,8469.580078,8424.469727,8450.05957,8450.05957,2269000
11/1/2013,8474.469727,8476.629883,8378.94043,8388.179688,8388.179688,2146900
11/4/2013,8371.830078,8371.830078,8333.629883,8354.139648,8354.139648,2064200
11/5/2013,8354.919922,8372.799805,8262.200195,8262.200195,8262.200195,2292100
11/6/2013,8275.070313,8297.570313,8232.5,8281.969727,8281.969727,2237200
11/7/2013,8298.05957,8298.05957,8250.719727,8283.709961,8283.709961,2161800
11/8/2013,8235.299805,8266.719727,8216.330078,8229.589844,8229.589844,1863300
11/11/2013,8228.900391,8242.410156,8168.919922,8182.560059,8182.560059,1862200
11/12/2013,8233.620117,8233.620117,8160.169922,8195.259766,8195.259766,2131400
11/13/2013,8199.259766,8199.259766,8104.259766,8104.259766,8104.259766,1783600
11/14/2013,8137.819824,8161.700195,8100.72998,8134.910156,8134.910156,2146800
11/15/2013,8168.899902,8210.099609,8160.279785,8177.120117,8177.120117,1940800
11/18/2013,8201.849609,8226.610352,8186.470215,8191.459961,8191.459961,1750600
11/19/2013,8215,8260.820313,8215,8260.209961,8260.209961,1918200
11/20/2013,8250.30957,8262.910156,8204.459961,8204.459961,8204.459961,1928700
11/21/2013,8197.860352,8203.450195,8093.819824,8099.450195,8099.450195,1835300
11/22/2013,8107.97998,8142.720215,8107.97998,8116.779785,8116.779785,1605200
11/25/2013,8182.899902,8217.620117,8182.899902,8187.509766,8187.509766,1923100
11/26/2013,8200.700195,8281.379883,8187.279785,8248.019531,8248.019531,2635900
11/27/2013,8287.629883,8312.320313,8279.509766,8295.879883,8295.879883,2058100
11/28/2013,8320.650391,8377.80957,8320.650391,8362.429688,8362.429688,2379200
11/29/2013,8374.139648,8414.790039,8365.320313,8406.830078,8406.830078,2180600
12/2/2013,8429.240234,8437.129883,8391.820313,8414.610352,8414.610352,1737900
12/3/2013,8407.740234,8418.230469,8390.730469,8392.549805,8392.549805,1925000
12/4/2013,8379.44043,8435.230469,8375.790039,8418,8418,2133000
12/5/2013,8430.530273,8437.599609,8362.389648,8375.540039,8375.540039,1962700
12/6/2013,8372.610352,8410.19043,8361.990234,8367.719727,8367.719727,1851000
12/9/2013,8439.759766,8477.870117,8433.80957,8444.620117,8444.620117,2056400
12/10/2013,8451.80957,8459.490234,8421.589844,8443.389648,8443.389648,1839200
12/11/2013,8450.959961,8501.769531,8413.519531,8433.769531,8433.769531,2122800
12/12/2013,8405.620117,8406.929688,8361.330078,8361.330078,8361.330078,1620900
12/13/2013,8355.009766,8391.820313,8346.830078,8376.94043,8376.94043,1787700
12/16/2013,8368.830078,8374.209961,8313.870117,8313.870117,8313.870117,1717500
12/17/2013,8351.980469,8384.259766,8351.980469,8352.929688,8352.929688,1800100
12/18/2013,8361.75,8375.519531,8333.30957,8349.040039,8349.040039,1814900
12/19/2013,8400.389648,8426.080078,8378.780273,8407.400391,8407.400391,2037300
12/20/2013,8400.209961,8439.370117,8392.379883,8408.530273,8408.530273,2007200
12/23/2013,8441.160156,8477.469727,8441.160156,8456.459961,8456.459961,2120800
12/24/2013,8473.019531,8478.089844,8450.490234,8450.490234,8450.490234,1701500
12/25/2013,8461.490234,8484.049805,8457.870117,8467.759766,8467.759766,1725200
12/26/2013,8467.730469,8492.709961,8465.849609,8485.889648,8485.889648,1618300
12/27/2013,8490.730469,8543.5,8488.44043,8535.040039,8535.040039,1975600
12/30/2013,8552.129883,8623.429688,8552.129883,8623.429688,8623.429688,2361800
12/31/2013,8636.5,8647.240234,8593.75,8611.509766,8611.509766,2324300
1/2/2014,8618.599609,8632.80957,8587.540039,8612.540039,8612.540039,2537600
1/3/2014,8584.740234,8584.740234,8537.860352,8546.540039,8546.540039,2539700
1/6/2014,8553,8568.240234,8488.639648,8500.009766,8500.009766,2640100
1/7/2014,8515.360352,8547.19043,8512.299805,8512.299805,8512.299805,2598900
1/8/2014,8548.610352,8587.080078,8548.610352,8556.009766,8556.009766,3206300
1/9/2014,8555.799805,8569.110352,8506.019531,8514.679688,8514.679688,3819600
1/10/2014,8559.179688,8559.179688,8521.5,8529.349609,8529.349609,2730100
1/13/2014,8587.490234,8607.230469,8558.959961,8566.200195,8566.200195,2662700
1/14/2014,8545.459961,8568.30957,8523.459961,8548.139648,8548.139648,2289900
1/15/2014,8567.80957,8619.55957,8567.80957,8602.549805,8602.549805,2869000
1/16/2014,8653.540039,8668.950195,8610.240234,8612.110352,8612.110352,2832700
1/17/2014,8628.490234,8628.860352,8580.490234,8596,8596,2288800
1/20/2014,8595.589844,8636.209961,8584.5,8621.55957,8621.55957,2277900
1/21/2014,8639.709961,8650.139648,8599.900391,8599.900391,8599.900391,2478200
1/22/2014,8598.980469,8633.570313,8596.990234,8625.299805,8625.299805,2141700
1/23/2014,8644.55957,8647.870117,8595.099609,8595.099609,8595.099609,2056700
1/24/2014,8581.490234,8608.639648,8577.139648,8598.30957,8598.30957,1936800
1/27/2014,8519.480469,8519.480469,8442.19043,8462.570313,8462.570313,2605100
2/5/2014,8290.169922,8313.830078,8230.459961,8264.480469,8264.480469,3156100
2/6/2014,8286.160156,8333.55957,8284.769531,8311.009766,8311.009766,2451100
2/7/2014,8383.990234,8409.030273,8356.929688,8387.349609,8387.349609,2427200
2/10/2014,8416.419922,8447.019531,8391.950195,8391.950195,8391.950195,2048200
2/11/2014,8413.860352,8439.330078,8401.540039,8430.55957,8430.55957,1955500
2/12/2014,8471.509766,8510.870117,8471.509766,8510.870117,8510.870117,2388700
2/13/2014,8506.219727,8511.019531,8467.700195,8467.700195,8467.700195,2100200
2/14/2014,8524.540039,8566.990234,8508.240234,8513.679688,8513.679688,2340800
2/17/2014,8537.830078,8558.5,8512.599609,8519.549805,8519.549805,1889000
2/18/2014,8530.80957,8556.230469,8506.05957,8556.230469,8556.230469,1903400
2/19/2014,8565.05957,8577.009766,8543.150391,8577.009766,8577.009766,2203700
2/20/2014,8555.269531,8567.5,8513.080078,8524.620117,8524.620117,2399900
2/21/2014,8571.290039,8612.080078,8571.290039,8601.860352,8601.860352,2588600
2/24/2014,8603.610352,8612.209961,8541.650391,8560.610352,8560.610352,2464800
2/25/2014,8581.139648,8598.730469,8564.509766,8575.620117,8575.620117,2395800
2/26/2014,8569.040039,8626.679688,8563.870117,8600.860352,8600.860352,2598300
2/27/2014,8626.509766,8647.900391,8615.410156,8639.580078,8639.580078,2515200
3/3/2014,8627.150391,8628.049805,8545.240234,8601.980469,8601.980469,2549200
3/4/2014,8583.580078,8595.589844,8554.540039,8554.540039,8554.540039,2380400
3/5/2014,8622.19043,8652.219727,8622.19043,8632.929688,8632.929688,2453300
3/6/2014,8660.290039,8719.169922,8660.290039,8713.790039,8713.790039,2719200
3/7/2014,8754.740234,8787.620117,8698.599609,8713.959961,8713.959961,3139500
3/10/2014,8706.429688,8712.879883,8651.540039,8665.240234,8665.240234,2100000
3/11/2014,8694.959961,8716.30957,8684.629883,8702.330078,8702.330078,2194700
3/12/2014,8671.400391,8684.730469,8651.990234,8684.730469,8684.730469,2232300
3/13/2014,8737.80957,8768.660156,8732.150391,8747.790039,8747.790039,2708000
3/14/2014,8697.730469,8709.55957,8677.80957,8687.629883,8687.629883,2247300
3/17/2014,8697.259766,8708.400391,8662.490234,8700.099609,8700.099609,2240400
3/18/2014,8747.379883,8759.549805,8713.509766,8731.94043,8731.94043,2490300
3/19/2014,8745.019531,8749.799805,8682.75,8689.459961,8689.459961,2362300
3/20/2014,8638.589844,8638.589844,8580.400391,8597.330078,8597.330078,2381800
3/21/2014,8642.820313,8642.820313,8562.570313,8577.169922,8577.169922,2469800
3/24/2014,8540.269531,8605.379883,8508.009766,8605.379883,8605.379883,1978400
3/25/2014,8589.19043,8689.299805,8589.19043,8689.299805,8689.299805,2018100
3/26/2014,8741.030273,8746.709961,8717.790039,8737.269531,8737.269531,2308500
3/27/2014,8737.55957,8780.419922,8723.820313,8779.570313,8779.570313,2333300
3/28/2014,8779.910156,8812.410156,8751.070313,8774.639648,8774.639648,2284900
3/31/2014,8802.929688,8849.280273,8769.969727,8849.280273,8849.280273,2044700
4/1/2014,8847.339844,8873.150391,8826.160156,8873.150391,8873.150391,2291600
4/2/2014,8906.519531,8922.790039,8883.139648,8905.450195,8905.450195,2439600
4/3/2014,8902.94043,8913.740234,8871.160156,8888.540039,8888.540039,2584100
4/7/2014,8844.910156,8876.44043,8828.589844,8876.44043,8876.44043,2350400
4/8/2014,8878.879883,8899.120117,8860.700195,8888.25,8888.25,2079300
4/9/2014,8912.389648,8936.570313,8912.389648,8930.570313,8930.570313,2341700
4/10/2014,8964.339844,8978.519531,8898.299805,8948.099609,8948.099609,2782700
4/11/2014,8900.129883,8909.969727,8848.240234,8908.049805,8908.049805,2296800
4/14/2014,8897.230469,8899.509766,8852.660156,8857.419922,8857.419922,1785900
4/15/2014,8898.650391,8918.94043,8889.44043,8916.709961,8916.709961,2081400
4/16/2014,8921.070313,8968.55957,8894.290039,8923.820313,8923.820313,2175300
4/17/2014,8942.230469,8962.660156,8921.55957,8944.160156,8944.160156,2287200
4/18/2014,8994.769531,9002.700195,8945.55957,8966.660156,8966.660156,1853200
4/21/2014,8961.519531,8965.580078,8938.469727,8951.19043,8951.19043,1811600
4/22/2014,8956.219727,8989.05957,8955.19043,8974.709961,8974.709961,2187000
4/23/2014,9009.589844,9022.280273,8947.860352,8956.919922,8956.919922,2615700
4/24/2014,8968.820313,8971.94043,8926.549805,8945.450195,8945.450195,2391300
4/25/2014,8945.80957,8951.05957,8749.509766,8774.120117,8774.120117,3379600
4/28/2014,8680.139648,8825.929688,8671.650391,8809.709961,8809.709961,2347800
4/29/2014,8845.599609,8884.480469,8833.370117,8872.110352,8872.110352,2084300
4/30/2014,8885.700195,8890.089844,8791.44043,8791.44043,8791.44043,2414300
5/2/2014,8846.860352,8875.900391,8839.919922,8867.320313,8867.320313,2118600
5/5/2014,8895.870117,8911.080078,8844.450195,8870.429688,8870.429688,1935700
5/6/2014,8888.450195,8927.389648,8853.719727,8912.389648,8912.389648,2300600
5/7/2014,8903.719727,8911.030273,8856.980469,8893.219727,8893.219727,2352500
5/8/2014,8925.209961,8941.459961,8891.740234,8930.900391,8930.900391,2466100
5/9/2014,8943.139648,8945.629883,8878.320313,8889.69043,8889.69043,2428800
5/12/2014,8893.719727,8898.30957,8803.429688,8808.610352,8808.610352,2068600
5/13/2014,8865.610352,8886.660156,8809.05957,8817.94043,8817.94043,2167800
5/14/2014,8842.049805,8875.160156,8812.19043,8875.160156,8875.160156,2097100
5/15/2014,8852.919922,8880.650391,8839.44043,8880.650391,8880.650391,1708000
5/16/2014,8857.120117,8896.719727,8816.919922,8888.450195,8888.450195,1797600
5/19/2014,8901.540039,8912.349609,8877.459961,8899.900391,8899.900391,1798700
5/20/2014,8922.080078,8930.790039,8887.790039,8887.790039,8887.790039,1739900
5/21/2014,8894.160156,8905.040039,8848.530273,8862.419922,8862.419922,1651800
5/22/2014,8899.820313,8969.629883,8899.820313,8969.629883,8969.629883,2030100
5/23/2014,8960.790039,9008.219727,8960.790039,9008.219727,9008.219727,2229400
5/26/2014,9040.490234,9053.75,9026.769531,9036.120117,9036.120117,2254800
5/27/2014,9045.080078,9059.19043,9035.69043,9055.290039,9055.290039,2064100
5/28/2014,9072.040039,9125.139648,9069.889648,9121.709961,9121.709961,2500300
5/29/2014,9123.459961,9131.660156,9093.570313,9109,9109,2347400
5/30/2014,9130.660156,9139.570313,9075.910156,9075.910156,9075.910156,3481800
6/3/2014,9106.610352,9128.339844,9070.450195,9123.459961,9123.459961,2367700
6/4/2014,9135.009766,9140.549805,9114.179688,9119.959961,9119.959961,2575200
6/5/2014,9127.55957,9140.719727,9094.129883,9140.719727,9140.719727,2772700
6/6/2014,9167.830078,9174.769531,9122.55957,9134.459961,9134.459961,2858700
6/9/2014,9153.929688,9166.580078,9138.929688,9162.740234,9162.740234,2464400
6/10/2014,9181.900391,9222.370117,9171.75,9222.370117,9222.370117,2518700
6/11/2014,9218.5,9229.799805,9204.759766,9229.799805,9229.799805,2437300
6/12/2014,9209.990234,9220.889648,9186.790039,9204.650391,9204.650391,2618000
6/13/2014,9192.730469,9207.740234,9171.509766,9196.389648,9196.389648,2357800
6/16/2014,9196.230469,9214.19043,9179.55957,9202.929688,9202.929688,2374500
6/17/2014,9223.019531,9249.870117,9200.860352,9240.599609,9240.599609,2507800
6/18/2014,9257.650391,9316.639648,9204.349609,9279.929688,9279.929688,3014200
6/19/2014,9288.69043,9324.400391,9283.379883,9316.80957,9316.80957,2202700
6/20/2014,9330.349609,9339.830078,9273.790039,9273.790039,9273.790039,2242200
6/23/2014,9293.05957,9302.650391,9225.730469,9228.349609,9228.349609,2702500
6/24/2014,9232.349609,9276.240234,9232.349609,9246.200195,9246.200195,1913700
6/25/2014,9250.129883,9255.870117,9229.799805,9242.160156,9242.160156,1987600
6/26/2014,9273.360352,9320.94043,9271.349609,9320.94043,9320.94043,2767400
6/27/2014,9316.889648,9330.950195,9303.570313,9306.830078,9306.830078,2252200
6/30/2014,9332.44043,9393.070313,9327.889648,9393.070313,9393.070313,2580300
7/1/2014,9393.070313,9463.05957,9374.280273,9441.919922,9441.919922,3004800
7/2/2014,9482,9547.049805,9421.870117,9484.959961,9484.959961,4105500
7/3/2014,9468.780273,9538.650391,9449.780273,9526.230469,9526.230469,2908200
7/4/2014,9525.929688,9550.110352,9482.94043,9510.049805,9510.049805,2889200
7/7/2014,9497.269531,9520.200195,9454.669922,9520.200195,9520.200195,2805800
7/8/2014,9515.179688,9540.570313,9499.169922,9530.980469,9530.980469,2811300
7/9/2014,9510,9522.990234,9478.759766,9489.980469,9489.980469,2679700
7/10/2014,9512.889648,9568.75,9512.889648,9565.120117,9565.120117,3202100
7/11/2014,9561.709961,9591.269531,9478.070313,9495.839844,9495.839844,3371800
7/14/2014,9497.80957,9545.990234,9488.120117,9520.299805,9520.299805,2798700
7/15/2014,9558.419922,9593.679688,9547.94043,9569.169922,9569.169922,2960700
7/16/2014,9570.330078,9574.129883,9471.650391,9484.730469,9484.730469,3060700
7/17/2014,9420.110352,9461.860352,9373.870117,9408.240234,9408.240234,2920100
7/18/2014,9335.379883,9421.339844,9335.379883,9400.969727,9400.969727,2324700
7/21/2014,9453.780273,9480.139648,9426.299805,9440.969727,9440.969727,2228000
7/22/2014,9453.230469,9499.360352,9418.740234,9499.360352,9499.360352,2277700
7/23/2014,9453.230469,9499.360352,9418.740234,9499.360352,9499.360352,2277700
7/24/2014,9508.259766,9538.070313,9483.519531,9527.540039,9527.540039,2684600
7/25/2014,9519.990234,9528.700195,9412.480469,9439.290039,9439.290039,2532200
7/28/2014,9415.900391,9460.429688,9385.55957,9420.179688,9420.179688,2509800
7/29/2014,9457.799805,9483.75,9357.320313,9391.879883,9391.879883,3528000
7/30/2014,9409.620117,9456.030273,9398.820313,9447.019531,9447.019531,2519700
7/31/2014,9436.040039,9438.969727,9313.870117,9315.849609,9315.849609,2521900
8/1/2014,9223.75,9274.639648,9201.830078,9266.509766,9266.509766,2400600
8/4/2014,9280.290039,9330.19043,9258.179688,9330.19043,9330.19043,2281900
8/5/2014,9316.820313,9316.820313,9141.44043,9141.44043,9141.44043,2611000
8/6/2014,9148.360352,9163.80957,9070.089844,9143.969727,9143.969727,2616100
8/7/2014,9162.650391,9172.879883,9108.849609,9131.44043,9131.44043,1910100
8/8/2014,9120.200195,9120.200195,9014.889648,9085.959961,9085.959961,2139900
8/11/2014,9109.830078,9184.959961,9107.209961,9172.910156,9172.910156,1921900
8/12/2014,9188.849609,9198.099609,9146.980469,9163.120117,9163.120117,1930900
8/13/2014,9155.019531,9231.660156,9147.139648,9231.30957,9231.30957,2033400
8/14/2014,9276.410156,9282.009766,9218.549805,9230.610352,9230.610352,2183500
8/15/2014,9243.669922,9243.669922,9172.910156,9206.80957,9206.80957,1924300
8/18/2014,9222.730469,9222.730469,9128.660156,9141.30957,9141.30957,1992200
8/19/2014,9188.629883,9255.089844,9188.629883,9243.780273,9243.780273,1977100
8/20/2014,9278.150391,9294.490234,9249.30957,9288.049805,9288.049805,2122000
8/21/2014,9286.820313,9289.019531,9217.969727,9253.379883,9253.379883,2038000
8/22/2014,9273.070313,9380.599609,9271.870117,9380.099609,9380.099609,2488700
8/25/2014,9393.240234,9409.349609,9369.240234,9390.620117,9390.620117,1912300
8/26/2014,9394.280273,9418.769531,9386.490234,9393.959961,9393.959961,1984100
8/27/2014,9426.290039,9491.75,9426.290039,9485.589844,9485.589844,2940500
8/28/2014,9499.219727,9502.419922,9453.490234,9478.370117,9478.370117,2707500
8/29/2014,9459.80957,9470.150391,9425.349609,9436.269531,9436.269531,2271500
9/1/2014,9474.410156,9532.660156,9472.959961,9513.05957,9513.05957,2065000
9/2/2014,9503.650391,9503.650391,9388.129883,9399.719727,9399.719727,2082900
9/3/2014,9434.879883,9455.780273,9396.790039,9450.349609,9450.349609,1948400
9/4/2014,9439.759766,9439.759766,9389.290039,9428.889648,9428.889648,1708100
9/5/2014,9446.450195,9451.389648,9365.700195,9407.94043,9407.94043,1650700
9/9/2014,9452.139648,9465.929688,9426.990234,9434.769531,9434.769531,1868600
9/10/2014,9410.620117,9410.620117,9309.049805,9357.610352,9357.610352,1839600
9/11/2014,9376.379883,9381.049805,9322.950195,9322.950195,9322.950195,1702100
9/12/2014,9324.740234,9333.280273,9223.179688,9223.179688,9223.179688,1793200
9/15/2014,9206.410156,9242.230469,9175.610352,9217.459961,9217.459961,1482600
9/16/2014,9218.849609,9219.419922,9133.400391,9133.400391,9133.400391,1719500
9/17/2014,9171.040039,9252.379883,9159.849609,9195.169922,9195.169922,1884000
9/18/2014,9211.799805,9237.879883,9201.910156,9237.030273,9237.030273,1554700
9/19/2014,9268.44043,9289.219727,9235.44043,9240.450195,9240.450195,1815800
9/22/2014,9220.540039,9220.540039,9106.269531,9134.650391,9134.650391,1780200
9/23/2014,9134.290039,9147.209961,9084.900391,9084.900391,9084.900391,1642800
9/24/2014,9071.799805,9123.110352,9071.799805,9098.490234,9098.490234,1582000
9/25/2014,9126.759766,9149.410156,8982.509766,9011.589844,9011.589844,2039500
9/26/2014,8957.55957,9001.980469,8913.509766,8989.820313,8989.820313,1705600
9/29/2014,9018.459961,9018.459961,8948.089844,8960.759766,8960.759766,1713100
9/30/2014,8954.580078,8998.830078,8860.169922,8966.919922,8966.919922,2295900
10/1/2014,8958.870117,9014.259766,8918.959961,8990.259766,8990.259766,1648000
10/2/2014,8959.370117,9010.269531,8913.009766,8975.19043,8975.19043,1825200
10/3/2014,9010.299805,9113.799805,8998.269531,9106.280273,9106.280273,1873800
10/6/2014,9118.280273,9122.540039,9065.339844,9095.139648,9095.139648,1626000
10/7/2014,9065.669922,9074.799805,8993.450195,9040.80957,9040.80957,1569500
10/8/2014,8989.990234,9038.610352,8955.179688,8955.179688,8955.179688,1558600
10/9/2014,9021.30957,9054.669922,8946.160156,8966.44043,8966.44043,1777200
10/13/2014,8767.419922,8795.769531,8711.389648,8711.389648,8711.389648,2328700
10/14/2014,8691.830078,8768.389648,8684.19043,8768.389648,8768.389648,1735500
10/15/2014,8769.389648,8776.910156,8635.410156,8655.509766,8655.509766,2304300
10/16/2014,8602.650391,8676.459961,8501.290039,8633.69043,8633.69043,2514700
10/17/2014,8688.709961,8699.769531,8512.879883,8512.879883,8512.879883,2655100
10/20/2014,8617.080078,8679.849609,8611.169922,8663.139648,8663.139648,1747800
10/21/2014,8676.320313,8676.320313,8636.669922,8654.639648,8654.639648,1380900
10/22/2014,8744.910156,8775.349609,8729.769531,8748.830078,8748.830078,1911300
10/23/2014,8735.379883,8751.669922,8714.879883,8731.070313,8731.070313,1442500
10/24/2014,8740.280273,8750.419922,8629.240234,8646.009766,8646.009766,1539700
10/27/2014,8671.509766,8689.669922,8607.230469,8627.780273,8627.780273,1503400
10/28/2014,8692.519531,8788.280273,8692.519531,8773.549805,8773.549805,1851800
10/29/2014,8821.849609,8903.679688,8821.849609,8903.679688,8903.679688,2169000
10/30/2014,8890.19043,8892.990234,8842.799805,8888.070313,8888.070313,1969100
10/31/2014,8909.339844,8974.759766,8885.209961,8974.759766,8974.759766,2025800
11/3/2014,9009.379883,9029.709961,8965.5,9004.860352,9004.860352,2063400
11/4/2014,9030.959961,9046.219727,8980.959961,8989.179688,8989.179688,1704900
11/5/2014,8997.759766,9013.05957,8941.179688,8962.599609,8962.599609,1633400
11/6/2014,8968.790039,8979.969727,8887.360352,8891.019531,8891.019531,1597400
11/7/2014,8881.19043,8925.620117,8867.780273,8912.620117,8912.620117,1492600
11/10/2014,8937.589844,9062.889648,8937.589844,9049.980469,9049.980469,1844200
11/11/2014,9067.540039,9069.44043,9021.540039,9034.139648,9034.139648,1788700
11/12/2014,9030.129883,9030.129883,8894.110352,8918.950195,8918.950195,1688500
11/13/2014,8947.969727,8980.669922,8927.089844,8980.669922,8980.669922,1337100
11/14/2014,8992.400391,8996.379883,8950.230469,8982.879883,8982.879883,1670000
11/17/2014,9003.370117,9024,8878.379883,8884.389648,8884.389648,1620300
11/18/2014,8916.080078,8944.259766,8828.150391,8859.070313,8859.070313,1875200
11/19/2014,8896.160156,8988.639648,8879.290039,8963.240234,8963.240234,1933300
11/20/2014,8984.929688,9078.870117,8984.929688,9078.870117,9078.870117,1984700
11/21/2014,9104.339844,9111.179688,9071.860352,9091.530273,9091.530273,1711900
11/24/2014,9144.419922,9165.709961,9104.540039,9122.330078,9122.330078,1688500
11/25/2014,9125.269531,9153.549805,9098.320313,9116.240234,9116.240234,1863300
11/26/2014,9125.080078,9146.040039,9112.19043,9122.389648,9122.389648,1572900
11/27/2014,9153.490234,9217.730469,9153.490234,9165.30957,9165.30957,1657900
11/28/2014,9163.19043,9201.799805,9158.280273,9187.150391,9187.150391,1671500
12/1/2014,9038.410156,9164.540039,8998.549805,9117.709961,9117.709961,2000200
12/2/2014,9098.360352,9104.839844,9009.69043,9034.790039,9034.790039,2121500
12/3/2014,9073.469727,9188.320313,9045.200195,9175.259766,9175.259766,2695800
12/4/2014,9212.849609,9251.849609,9195.150391,9225.110352,9225.110352,2423500
12/5/2014,9220.25,9240.509766,9192.290039,9206.570313,9206.570313,2074700
12/8/2014,9231.240234,9241.629883,9174.509766,9187.290039,9187.290039,2002500
12/9/2014,9163.429688,9177.139648,9127.120117,9128.900391,9128.900391,1841800
12/10/2014,9115.330078,9140.490234,9015.519531,9032.160156,9032.160156,2150000
12/11/2014,9003.839844,9046.400391,8971.530273,9013.070313,9013.070313,1673000
12/12/2014,9041.540039,9084.269531,9022.55957,9027.330078,9027.330078,1621300
12/15/2014,8987.950195,8997.080078,8943.040039,8985.629883,8985.629883,1671300
12/16/2014,8967.820313,9031.070313,8950.910156,8950.910156,8950.910156,1836200
12/17/2014,8961.639648,8972.120117,8826.030273,8828.360352,8828.360352,2319700
12/18/2014,8912.780273,8946.419922,8876.879883,8878.629883,8878.629883,1975300
12/19/2014,8981.849609,9035.769531,8953.169922,8999.519531,8999.519531,2477900
12/22/2014,9032.419922,9099.849609,9024.009766,9095,9095,1954900
12/23/2014,9123.780273,9138.150391,9093.429688,9097.709961,9097.709961,1867800
12/24/2014,9096.480469,9186.179688,9096.480469,9186.179688,9186.179688,2610200
12/25/2014,9186.830078,9198.040039,9153.769531,9158.700195,9158.700195,1831400
12/26/2014,9171.910156,9214.070313,9158.389648,9214.070313,9214.070313,1649700
12/29/2014,9216.429688,9313.330078,9216.429688,9286.280273,9286.280273,2137000
12/30/2014,9299.099609,9338.05957,9262.700195,9268.429688,9268.429688,1891600
12/31/2014,9260.459961,9307.259766,9252.30957,9307.259766,9307.259766,1578600
1/5/2015,9260.459961,9307.259766,9182.019531,9274.110352,9274.110352,2311000
1/6/2015,9209.929688,9209.929688,9043.44043,9048.339844,9048.339844,2725800
1/7/2015,9051.94043,9108.660156,9050.540039,9080.089844,9080.089844,2384100
1/8/2015,9154.030273,9246.620117,9154.030273,9238.030273,9238.030273,2657600
1/9/2015,9247.400391,9284.570313,9215.580078,9215.580078,9215.580078,2398800
1/12/2015,9198.019531,9229.650391,9178.299805,9178.299805,9178.299805,2205700
1/13/2015,9162.769531,9253.820313,9161.709961,9231.799805,9231.799805,2324800
1/14/2015,9235.900391,9242.200195,9161.709961,9180.230469,9180.230469,2271500
1/15/2015,9197.320313,9219.429688,9149.099609,9165.089844,9165.089844,2210200
1/16/2015,9245.769531,9256.860352,9109.459961,9138.290039,9138.290039,2591100
1/19/2015,9183.759766,9247.089844,9151.820313,9174.05957,9174.05957,1893500
1/20/2015,9188.759766,9259.30957,9177.480469,9251.69043,9251.69043,1795000
1/21/2015,9283.790039,9319.709961,9275.679688,9319.709961,9319.709961,2174400
1/22/2015,9336.80957,9386.55957,9336.80957,9369.509766,9369.509766,2387200
1/23/2015,9422,9471.799805,9422,9470.94043,9470.94043,2647100
1/26/2015,9474.55957,9478.530273,9436.469727,9477.669922,9477.669922,1906500
1/27/2015,9505.55957,9523.730469,9471.19043,9521.589844,9521.589844,1875400
1/28/2015,9503.200195,9515.290039,9471.30957,9510.919922,9510.919922,1784400
1/29/2015,9479.360352,9482.129883,9403.75,9426.900391,9426.900391,1849600
1/30/2015,9452.849609,9466.650391,9361.910156,9361.910156,9361.910156,2041700
2/2/2015,9368.830078,9410.429688,9352.19043,9386.990234,9386.990234,1650800
2/3/2015,9394.469727,9460.169922,9394.469727,9448.730469,9448.730469,1649300
2/4/2015,9477.519531,9533.879883,9477.519531,9513.919922,9513.919922,2134800
2/5/2015,9511.05957,9517.419922,9472.419922,9512.049805,9512.049805,1523200
2/6/2015,9521.879883,9521.879883,9448.650391,9456.179688,9456.179688,1533300
2/9/2015,9465.120117,9465.120117,9413.179688,9421.5,9421.5,1425200
2/10/2015,9405.589844,9435.070313,9390.129883,9393.700195,9393.700195,1631400
2/11/2015,9430.169922,9488.719727,9430.169922,9462.219727,9462.219727,1909200
2/12/2015,9496.389648,9500.349609,9447.19043,9496.30957,9496.30957,1563800
2/13/2015,9500.040039,9542.089844,9499.969727,9529.509766,9529.509766,1601700
2/24/2015,9500.040039,9638.480469,9499.969727,9629.370117,9629.370117,2332200
2/25/2015,9655.719727,9699.540039,9653.769531,9699.540039,9699.540039,2209800
2/26/2015,9687.480469,9688.070313,9610.589844,9622.099609,9622.099609,2117000
3/2/2015,9687.480469,9690.429688,9588.360352,9601.360352,9601.360352,2202800
3/3/2015,9628.05957,9642.950195,9571.639648,9605.769531,9605.769531,1882000
3/4/2015,9596.240234,9635.179688,9580.780273,9621.730469,9621.730469,1910300
3/5/2015,9627.040039,9631.040039,9564.44043,9595.089844,9595.089844,1921600
3/6/2015,9587.589844,9645.769531,9574.549805,9645.769531,9645.769531,2120500
3/9/2015,9617.040039,9617.040039,9549.759766,9562.980469,9562.980469,1785400
3/10/2015,9566.25,9583.780273,9520.330078,9536.530273,9536.530273,2012200
3/11/2015,9503.280273,9561.80957,9472.540039,9523.179688,9523.179688,2230500
3/12/2015,9537.230469,9608.019531,9530.740234,9596,9596,2358800
3/13/2015,9608.44043,9633.509766,9579.349609,9579.349609,9579.349609,1941300
3/16/2015,9583.450195,9590.759766,9512.910156,9512.910156,9512.910156,1773200
3/17/2015,9555.099609,9629.799805,9539.44043,9539.44043,9539.44043,2021100
3/18/2015,9563.740234,9653.429688,9561.5,9653.429688,9653.429688,2195500
3/19/2015,9668.009766,9745.589844,9668.009766,9736.730469,9736.730469,2389700
3/20/2015,9706.349609,9749.69043,9705.320313,9749.69043,9749.69043,2580300
3/23/2015,9759.879883,9775.629883,9729.80957,9758.089844,9758.089844,2206800
3/24/2015,9759.959961,9768.709961,9701.330078,9731.660156,9731.660156,1945600
3/25/2015,9739.25,9743.580078,9653.469727,9667.830078,9667.830078,1966300
3/26/2015,9579.629883,9619.120117,9540.030273,9619.120117,9619.120117,2194600
3/27/2015,9593.070313,9608.44043,9503.719727,9503.719727,9503.719727,2251300
3/30/2015,9533.379883,9556.25,9503.530273,9521.870117,9521.870117,1783800
3/31/2015,9568.379883,9594.75,9527.870117,9586.44043,9586.44043,2184800
4/1/2015,9575.110352,9575.110352,9503.530273,9507.660156,9507.660156,1788200
4/2/2015,9535.980469,9628.950195,9535.980469,9600.320313,9600.320313,1860500
4/7/2015,9619.969727,9653.969727,9613.330078,9641.900391,9641.900391,2011600
4/8/2015,9646.070313,9654.669922,9562,9571.969727,9571.969727,1983700
4/9/2015,9597.209961,9663.049805,9559.709961,9568.040039,9568.040039,2165100
4/10/2015,9626.879883,9648.339844,9582.839844,9617.700195,9617.700195,2002700
4/13/2015,9622.639648,9666.519531,9622.589844,9666.519531,9666.519531,1855700
4/14/2015,9646.280273,9664.099609,9631.19043,9642.219727,9642.219727,2034000
4/15/2015,9629.700195,9654.150391,9508.139648,9540.05957,9540.05957,2435600
4/16/2015,9578.709961,9656.870117,9578.709961,9656.870117,9656.870117,2224100
4/17/2015,9608.599609,9615.519531,9570.929688,9570.929688,9570.929688,2047400
4/20/2015,9541.830078,9572.650391,9508.570313,9552.849609,9552.849609,1925300
4/21/2015,9554.799805,9598.860352,9512.639648,9533.980469,9533.980469,2098100
4/22/2015,9549.610352,9630.790039,9549.610352,9613,9613,2128600
4/23/2015,9655.299805,9814.879883,9655.299805,9797.490234,9797.490234,3637800
4/24/2015,9839.709961,9961.30957,9839.709961,9913.280273,9913.280273,3791200
4/27/2015,9941.179688,10002.58008,9937.040039,9973.120117,9973.120117,3381800
4/28/2015,9998.080078,10014.28027,9918.009766,9956.830078,9956.830078,2770800
4/29/2015,9934.820313,9978.870117,9842.5,9853.830078,9853.830078,2859900
4/30/2015,9841.150391,9894.900391,9820.049805,9820.049805,9820.049805,2644700
5/4/2015,9841.150391,9894.900391,9800.480469,9845.040039,9845.040039,2298800
5/5/2015,9849.129883,9855.639648,9788.129883,9820.129883,9820.129883,2134800
5/6/2015,9780.389648,9829.429688,9735.94043,9818.200195,9818.200195,2353700
5/7/2015,9789.820313,9789.820313,9704.110352,9704.110352,9704.110352,2315900
5/8/2015,9724.290039,9760.509766,9692,9692,9692,2012000
5/11/2015,9763.94043,9797.19043,9635.879883,9663.719727,9663.719727,2383200
5/12/2015,9637.709961,9702.669922,9637.209961,9680.730469,9680.730469,2141500
5/13/2015,9697.169922,9743.330078,9687.660156,9724.110352,9724.110352,2129200
5/14/2015,9730.330078,9734.549805,9600.240234,9610.830078,9610.830078,2198400
5/15/2015,9638.05957,9644.830078,9552.860352,9579.480469,9579.480469,1997700
5/18/2015,9603.75,9612.44043,9550.759766,9606.099609,9606.099609,2154300
5/19/2015,9623.950195,9722.799805,9623.950195,9716.769531,9716.769531,2439000
5/20/2015,9726.019531,9736.089844,9662.860352,9685.30957,9685.30957,2182900
5/21/2015,9647.530273,9647.530273,9536.160156,9578.55957,9578.55957,2176000
5/22/2015,9606.509766,9674.769531,9606.509766,9638.799805,9638.799805,2176100
5/25/2015,9654.280273,9654.280273,9589.320313,9645.169922,9645.169922,1568200
5/26/2015,9688.30957,9724.360352,9649.620117,9669.410156,9669.410156,1727100
5/27/2015,9666.889648,9710.290039,9648.709961,9693.540039,9693.540039,2376600
5/28/2015,9741.570313,9766.209961,9704.929688,9712.839844,9712.839844,2366200
5/29/2015,9727.589844,9747.269531,9693,9701.070313,9701.070313,3159400
6/1/2015,9688.129883,9692.339844,9589.089844,9625.69043,9625.69043,1981100
6/2/2015,9619.879883,9657.019531,9584.55957,9614.259766,9614.259766,2134600
6/3/2015,9617.75,9645.480469,9550.44043,9556.519531,9556.519531,2285900
6/4/2015,9537.089844,9558.769531,9325.009766,9348.629883,9348.629883,2951500
6/5/2015,9328.019531,9371.410156,9272.94043,9340.129883,9340.129883,2478600
6/8/2015,9324.219727,9419.219727,9258.980469,9368.429688,9368.429688,2178100
6/9/2015,9346.110352,9363.519531,9191.870117,9191.870117,9191.870117,2785900
6/10/2015,9246.660156,9334.5,9246.660156,9298.5,9298.5,2190900
6/11/2015,9330.990234,9358.480469,9251.179688,9302.490234,9302.490234,2059600
6/12/2015,9304.75,9339.330078,9263.410156,9301.929688,9301.929688,1713100
6/15/2015,9304.660156,9324.94043,9252.339844,9259.480469,9259.480469,1595200
6/16/2015,9272.700195,9272.700195,9177.950195,9212.780273,9212.780273,1737300
6/17/2015,9232.80957,9242.219727,9170.089844,9189.830078,9189.830078,2054200
6/18/2015,9189.44043,9243.839844,9187.870117,9218.370117,9218.370117,1959000
6/22/2015,9247.759766,9371.480469,9247.759766,9341.769531,9341.769531,1993500
6/23/2015,9375.780273,9438.389648,9375.780273,9391.139648,9391.139648,1944900
6/24/2015,9390.269531,9409.44043,9364.379883,9397.30957,9397.30957,1725600
6/25/2015,9415.780273,9500.570313,9415.780273,9476.339844,9476.339844,2096500
6/26/2015,9481.950195,9489.910156,9442.94043,9462.570313,9462.570313,1584100
6/29/2015,9358.959961,9358.959961,9227.110352,9236.099609,9236.099609,1867400
6/30/2015,9223.269531,9323.019531,9204.450195,9323.019531,9323.019531,1858800
7/1/2015,9311.759766,9404.759766,9298.360352,9375.230469,9375.230469,1618400
7/2/2015,9372.459961,9400.679688,9350.049805,9379.240234,9379.240234,1753300
7/3/2015,9369.5,9369.5,9265.139648,9358.230469,9358.230469,1571900
7/6/2015,9309.860352,9347.540039,9255.959961,9255.959961,9255.959961,1580600
7/7/2015,9278.330078,9332.969727,9244.459961,9250.160156,9250.160156,1872800
7/8/2015,9225.910156,9225.910156,8946.75,8976.110352,8976.110352,3059900
7/9/2015,8861.280273,8946.240234,8750.919922,8914.129883,8914.129883,2589100
7/10/2015,null,null,null,null,null,null
7/13/2015,8946.719727,9041.879883,8946.719727,9033.919922,9033.919922,2077600
7/14/2015,9061.580078,9124.759766,9041.759766,9041.759766,9041.759766,2139300
7/15/2015,9063.540039,9089.469727,9005.099609,9054.200195,9054.200195,1789400
7/16/2015,9062.759766,9085.30957,9021.820313,9042.209961,9042.209961,1666800
7/17/2015,9060.919922,9079.230469,9018,9045.980469,9045.980469,1615500
7/20/2015,9085,9124.879883,8952.639648,8975,8975,1767100
7/21/2015,8997.55957,9010.709961,8940.379883,9005.959961,9005.959961,1714600
7/22/2015,8955.589844,8968.389648,8896.099609,8918.700195,8918.700195,1720100
7/23/2015,8865.360352,8895.879883,8751.709961,8791.120117,8791.120117,2076700
7/24/2015,8809.650391,8811.759766,8733.429688,8767.860352,8767.860352,1622400
7/27/2015,8733.240234,8733.240234,8553.089844,8556.679688,8556.679688,2322200
7/28/2015,8566.419922,8635.879883,8532,8582.490234,8582.490234,2273000
7/29/2015,8587.700195,8619.410156,8516.230469,8563.480469,8563.480469,2046200
7/30/2015,8567.230469,8697.179688,8567.230469,8651.490234,8651.490234,2008700
7/31/2015,8670.919922,8676.290039,8591.370117,8665.339844,8665.339844,2024400
8/3/2015,8636.530273,8636.530273,8482.919922,8524.410156,8524.410156,1822300
8/4/2015,8538.44043,8590.299805,8433.919922,8510.860352,8510.860352,2242500
8/5/2015,8504.94043,8563.009766,8486.269531,8542.269531,8542.269531,1849400
8/6/2015,8564.549805,8586.240234,8404.669922,8449.55957,8449.55957,1995900
8/7/2015,8409.009766,8458.040039,8368.400391,8442.290039,8442.290039,1654200
8/10/2015,8410.629883,8484.179688,8374.080078,8466.839844,8466.839844,1708400
8/11/2015,8542.129883,8586.219727,8393.080078,8394.139648,8394.139648,2176400
8/12/2015,8365.150391,8376.589844,8235.950195,8283.379883,8283.379883,2319000
8/13/2015,8284.959961,8348.389648,8271.69043,8311.740234,8311.740234,2002800
8/14/2015,8315.139648,8343.980469,8283.349609,8305.639648,8305.639648,1771200
8/17/2015,8307.900391,8308.540039,8213.419922,8213.419922,8213.419922,1730700
8/18/2015,8237.080078,8277.219727,8166.77002,8177.220215,8177.220215,1910300
8/19/2015,8182.810059,8182.810059,7987.569824,8021.839844,8021.839844,2562600
8/20/2015,8008.680176,8063.799805,7951.720215,8029.810059,8029.810059,2051500
8/21/2015,7941.950195,7941.950195,7786.919922,7786.919922,7786.919922,2548500
8/24/2015,7719.629883,7719.629883,7203.069824,7410.339844,7410.339844,3913000
8/25/2015,7427.359863,7677.930176,7368.470215,7675.640137,7675.640137,3020700
8/26/2015,7636.120117,7762.450195,7547.609863,7715.589844,7715.589844,2504000
8/27/2015,7762.629883,7856.399902,7762.629883,7824.549805,7824.549805,2625000
8/28/2015,7923.77002,8039.759766,7923.77002,8019.180176,8019.180176,2574100
8/31/2015,8026.620117,8174.919922,7961.77002,8174.919922,8174.919922,2653300
9/1/2015,8117.5,8119.899902,8002.180176,8017.560059,8017.560059,2184600
9/2/2015,7970.399902,8068.060059,7907.310059,8035.290039,8035.290039,2197000
9/3/2015,8071.370117,8101.129883,8007.47998,8095.950195,8095.950195,2443000
9/4/2015,8087.620117,8128.22998,7990.859863,8000.600098,8000.600098,2329400
9/7/2015,7990.759766,8053.200195,7957.799805,7986.560059,7986.560059,1496400
9/8/2015,7993.100098,8031.259766,7978.779785,8001.5,8001.5,1503100
9/9/2015,8097.220215,8296.129883,8097.220215,8286.919922,8286.919922,2746900
9/10/2015,8247.639648,8274.820313,8214.5,8268.679688,8268.679688,2036300
9/11/2015,8271.25,8313.179688,8233.139648,8305.820313,8305.820313,1841800
9/14/2015,8332.570313,8360.030273,8259.30957,8307.290039,8307.290039,1769100
9/15/2015,8320.219727,8327.950195,8226.070313,8259.990234,8259.990234,1622000
9/16/2015,8298.129883,8342.360352,8276.94043,8333.290039,8333.290039,1864800
9/17/2015,8377.30957,8467.150391,8377.30957,8445.5,8445.5,2321600
9/18/2015,8427.519531,8488.530273,8399.709961,8462.139648,8462.139648,2296800
9/21/2015,8404.5,8404.5,8285.429688,8307.040039,8307.040039,1810100
9/22/2015,8331.44043,8365.919922,8325.780273,8365.919922,8365.919922,1758200
9/23/2015,8310.820313,8310.820313,8186.220215,8193.419922,8193.419922,1933600
9/24/2015,8224.230469,8257.139648,8101.899902,8123.100098,8123.100098,1964900
9/25/2015,8131.490234,8152.5,8061.870117,8132.350098,8132.350098,1654300
9/29/2015,null,null,null,null,null,null
9/30/2015,8097.149902,8181.240234,8059.680176,8181.240234,8181.240234,2283600
10/1/2015,8194.299805,8317.790039,8170.779785,8295.94043,8295.94043,2108700
10/2/2015,8290.429688,8320.660156,8253.75,8305.030273,8305.030273,1758800
10/5/2015,8342.990234,8364.589844,8316.830078,8352.360352,8352.360352,1933400
10/6/2015,8409.30957,8482.830078,8390.889648,8394.099609,8394.099609,2193800
10/7/2015,8398.530273,8495.230469,8385.040039,8495.230469,8495.230469,2089300
10/8/2015,8528.459961,8544.929688,8434.5,8445.959961,8445.959961,1977700
10/12/2015,8478.339844,8578.219727,8478.339844,8573.719727,8573.719727,2081500
10/13/2015,8571.570313,8574.110352,8518.410156,8567.919922,8567.919922,1877100
10/14/2015,8545.139648,8553.870117,8515.530273,8522.509766,8522.509766,1941200
10/15/2015,8573.379883,8652.469727,8573.379883,8601.519531,8601.519531,2055300
10/16/2015,8596.429688,8627.830078,8574.639648,8604.950195,8604.950195,2165800
10/19/2015,8628.790039,8670.320313,8603.080078,8631.5,8631.5,1765400
10/20/2015,8651.080078,8663.120117,8618.480469,8653.599609,8653.599609,1994500
10/21/2015,8668.080078,8690.389648,8591.419922,8609.230469,8609.230469,2022800
10/22/2015,8600.400391,8631.169922,8594.209961,8608.459961,8608.459961,1675200
10/23/2015,8671.519531,8740.080078,8662.030273,8673.80957,8673.80957,1974500
10/26/2015,8706.80957,8757.139648,8706.80957,8745.360352,8745.360352,1778100
10/27/2015,8724,8733.530273,8662.769531,8701.320313,8701.320313,1841000
10/28/2015,8679.240234,8714.009766,8632.379883,8665.990234,8665.990234,1784700
10/29/2015,8682.580078,8704.589844,8568.129883,8571.080078,8571.080078,1985000
10/30/2015,8578.25,8586.900391,8503.69043,8554.30957,8554.30957,1963300
11/2/2015,8571.530273,8614.769531,8524.009766,8614.769531,8614.769531,1570900
11/3/2015,8643.209961,8728.05957,8643.209961,8713.19043,8713.19043,2018200
11/4/2015,8759.94043,8864.169922,8754.179688,8857.019531,8857.019531,2620400
11/5/2015,8858.730469,8871.870117,8828.040039,8850.179688,8850.179688,1999200
11/6/2015,8857.610352,8857.610352,8671.889648,8693.570313,8693.570313,2240500
11/9/2015,8702.669922,8746.280273,8623.700195,8642.480469,8642.480469,1754100
11/10/2015,8614.549805,8614.549805,8529.540039,8536.900391,8536.900391,1703500
11/11/2015,8543.629883,8557.69043,8415.009766,8415.009766,8415.009766,1930600
11/12/2015,8426.759766,8467.30957,8374.070313,8428.089844,8428.089844,1541900
11/13/2015,8402.110352,8453.040039,8329.5,8329.5,8329.5,1693800
11/16/2015,8278.120117,8312.05957,8217.339844,8295.400391,8295.400391,1820000
11/17/2015,8369.139648,8471.889648,8369.139648,8419.419922,8419.419922,1799600
11/18/2015,8432.25,8455.139648,8326.719727,8340.469727,8340.469727,1761600
11/19/2015,8382.089844,8477.200195,8357.200195,8477.200195,8477.200195,1792800
11/20/2015,8472.650391,8484.05957,8434.330078,8465.450195,8465.450195,1579100
11/23/2015,8480.589844,8503.080078,8450.009766,8485.730469,8485.730469,1530200
11/24/2015,8472.240234,8497.830078,8397.44043,8400.139648,8400.139648,1630600
11/25/2015,8407.540039,8426.620117,8352.169922,8386.129883,8386.129883,1693600
11/26/2015,8411.160156,8510.700195,8411.160156,8484.900391,8484.900391,1659700
11/27/2015,8493.179688,8505.080078,8397.490234,8398.400391,8398.400391,1419800
11/30/2015,8339.830078,8339.830078,8239,8320.610352,8320.610352,3289700
12/1/2015,8359.269531,8463.299805,8339.5,8463.299805,8463.299805,1974700
12/2/2015,8475.959961,8497.19043,8441.280273,8457.400391,8457.400391,1939900
12/3/2015,8424.540039,8484.519531,8393.290039,8456.05957,8456.05957,1826900
12/4/2015,8423.700195,8423.700195,8355.75,8398.599609,8398.599609,1789400
12/7/2015,8432.469727,8535.360352,8432.469727,8454.269531,8454.269531,1799000
12/8/2015,8442.05957,8453.629883,8335.669922,8343.860352,8343.860352,2054400
12/9/2015,8329.860352,8343.370117,8229.620117,8229.620117,8229.620117,2149800
12/10/2015,8214.269531,8228.429688,8133.419922,8216.169922,8216.169922,2110400
12/11/2015,8217.330078,8253.110352,8108.680176,8115.890137,8115.890137,2056200
12/14/2015,8058.669922,8068.97998,7980.589844,8040.160156,8040.160156,1808300
12/15/2015,8074.47998,8140.060059,8073.350098,8073.350098,8073.350098,1674400
12/16/2015,8144.029785,8204.200195,8121.060059,8184.660156,8184.660156,1987800
12/17/2015,8214.620117,8319.669922,8214.620117,8319.669922,8319.669922,2194700
12/18/2015,8272.410156,8317.480469,8241.320313,8257.320313,8257.320313,1959000
12/21/2015,8228.049805,8289.589844,8191.529785,8282.169922,8282.169922,2161800
12/22/2015,8283.030273,8316.44043,8261.719727,8292.740234,8292.740234,1832100
12/23/2015,8296.580078,8359.25,8296.580078,8315.700195,8315.700195,1938800
12/24/2015,8351.200195,8393.410156,8324.360352,8324.360352,8324.360352,1710600
12/25/2015,8328.94043,8364.299805,8320.099609,8363.280273,8363.280273,1236500
12/28/2015,8374.179688,8394.599609,8358.490234,8358.490234,8358.490234,1219000
12/29/2015,8349.269531,8351.160156,8286.839844,8293.910156,8293.910156,1186200
12/30/2015,8313.370117,8342.339844,8262.519531,8279.990234,8279.990234,1300600
12/31/2015,8273.769531,8338.05957,8258.730469,8338.05957,8338.05957,1191500
1/4/2016,8315.790039,8326.330078,8109.089844,8114.259766,8114.259766,1717400
1/5/2016,8105,8142.640137,8055.959961,8075.109863,8075.109863,1710600
1/6/2016,8064.25,8076.540039,7948.430176,7990.390137,7990.390137,2040600
1/7/2016,7963.240234,7980.5,7770.160156,7852.060059,7852.060059,2544700
1/8/2016,7811.200195,7906.549805,7788.709961,7893.970215,7893.970215,1875700
1/11/2016,7855.799805,7855.799805,7726.220215,7788.419922,7788.419922,1949300
1/12/2016,7807.930176,7851.810059,7732.109863,7768.450195,7768.450195,2027700
1/13/2016,7799.560059,7865.97998,7786.330078,7824.609863,7824.609863,1698800
1/14/2016,7752.089844,7752.089844,7662.339844,7742.879883,7742.879883,1809100
1/15/2016,7809,7842.339844,7708.660156,7762.009766,7762.009766,1991800
1/18/2016,7678.669922,7834.25,7627.890137,7811.180176,7811.180176,1942500
1/19/2016,7816.450195,7854.879883,7786.77002,7854.879883,7854.879883,1581200
1/20/2016,7835.169922,7835.169922,7687.600098,7699.120117,7699.120117,2046500
1/21/2016,7713.169922,7748.370117,7664.009766,7664.009766,7664.009766,1763600
1/22/2016,7729.009766,7774.120117,7706.140137,7756.180176,7756.180176,1637300
1/25/2016,7813.72998,7899.660156,7813.72998,7894.149902,7894.149902,1623500
1/26/2016,7832.100098,7848.629883,7799.580078,7828.669922,7828.669922,1524700
1/27/2016,7863.660156,7888.629883,7830.330078,7849.830078,7849.830078,1478800
1/28/2016,7825.220215,7921.060059,7821.120117,7905.100098,7905.100098,1830200
1/29/2016,7880.779785,8080.600098,7876.819824,8080.600098,8080.600098,2552200
1/30/2016,null,null,null,null,null,null
2/1/2016,8164.240234,8166.799805,8110.870117,8156.959961,8156.959961,1818300
2/2/2016,8141.52002,8156.25,8091.140137,8131.240234,8131.240234,1768200
2/3/2016,8117.220215,8117.220215,8036.600098,8063,8063,1781300
2/15/2016,7976.649902,8074.799805,7953.990234,8066.509766,8066.509766,1935700
2/16/2016,8090.910156,8227.19043,8090.910156,8212.070313,8212.070313,2009100
2/17/2016,8240.730469,8253.799805,8196.129883,8214.25,8214.25,1847300
2/18/2016,8261.740234,8337.969727,8261.740234,8314.669922,8314.669922,2044500
2/19/2016,8291.830078,8325.040039,8280.389648,8325.040039,8325.040039,1715700
2/22/2016,8315.790039,8396.620117,8296.179688,8326.679688,8326.679688,1697400
2/23/2016,8333.589844,8361.790039,8311.94043,8334.639648,8334.639648,1849900
2/24/2016,8332.660156,8382.25,8264.389648,8282.860352,8282.860352,1825000
2/25/2016,8304.179688,8388.629883,8304.179688,8365.860352,8365.860352,2028600
2/26/2016,8380.530273,8432.740234,8347.799805,8411.160156,8411.160156,1967500
3/1/2016,8381.379883,8489.009766,8378.05957,8485.69043,8485.69043,1945500
3/2/2016,8544.660156,8586.25,8540.169922,8544.049805,8544.049805,2308200
3/3/2016,8569.049805,8630.769531,8561.740234,8611.790039,8611.790039,2574500
3/4/2016,8611.370117,8648.94043,8584.05957,8643.549805,8643.549805,2396100
3/7/2016,8656.740234,8727.879883,8632.209961,8659.549805,8659.549805,2424900
3/8/2016,8655.860352,8668.509766,8575.700195,8664.30957,8664.30957,2643600
3/9/2016,8649.099609,8657.169922,8588.410156,8634.110352,8634.110352,2198200
3/10/2016,8633.660156,8680.429688,8614.969727,8660.700195,8660.700195,2165700
3/11/2016,8663.290039,8707.969727,8640.959961,8706.139648,8706.139648,2073100
3/14/2016,8746.480469,8777.049805,8739.570313,8747.900391,8747.900391,2236200
3/15/2016,8745.570313,8759.94043,8589.410156,8611.179688,8611.179688,2606100
3/16/2016,8637.629883,8699.139648,8637.629883,8699.139648,8699.139648,1985300
3/17/2016,8763.509766,8826.839844,8716.879883,8734.540039,8734.540039,2375000
3/18/2016,8747.049805,8810.709961,8747.049805,8810.709961,8810.709961,2473700
3/21/2016,8826.160156,8840.75,8747.589844,8812.700195,8812.700195,1740400
3/22/2016,8806.019531,8814.370117,8713.240234,8785.679688,8785.679688,1884200
3/23/2016,8777.879883,8814.5,8734.549805,8766.089844,8766.089844,1743000
3/24/2016,8745.419922,8765.959961,8676.870117,8743.379883,8743.379883,1753200
3/25/2016,8758.139648,8765.620117,8699.889648,8704.969727,8704.969727,1484000
3/28/2016,8713.719727,8737.860352,8676.030273,8690.450195,8690.450195,1609600
3/29/2016,8687.05957,8711.110352,8585.709961,8617.349609,8617.349609,1903600
3/30/2016,8624.929688,8744.469727,8624.929688,8737.040039,8737.040039,1920800
3/31/2016,8757.219727,8803.910156,8695.080078,8744.830078,8744.830078,2006100
4/1/2016,8700.379883,8704.530273,8628.94043,8657.549805,8657.549805,1542800
4/6/2016,8605.160156,8605.160156,8496.889648,8513.299805,8513.299805,2018500
4/7/2016,8523.25,8529.44043,8436.540039,8490.25,8490.25,1783400
4/8/2016,8464.780273,8546.30957,8452.049805,8541.5,8541.5,1796500
4/11/2016,8518.959961,8568.44043,8476.570313,8562.589844,8562.589844,1435100
4/12/2016,8561.209961,8613.55957,8520.139648,8531.179688,8531.179688,1695400
4/13/2016,8562.790039,8653.080078,8561.900391,8652.080078,8652.080078,1698200
4/14/2016,8684.929688,8719.150391,8653.839844,8667.709961,8667.709961,1742000
4/15/2016,8634.230469,8700.389648,8613.25,8700.389648,8700.389648,1565500
4/18/2016,8681.799805,8686.980469,8650.129883,8666.009766,8666.009766,1311400
4/19/2016,8701.75,8743.349609,8627.290039,8633.719727,8633.719727,1525800
4/20/2016,8649.089844,8695.219727,8502.549805,8514.480469,8514.480469,1800900
4/21/2016,8549.139648,8568.650391,8508.919922,8568.650391,8568.650391,1397500
4/22/2016,8560.209961,8580.330078,8501.030273,8535.75,8535.75,1593200
4/25/2016,8541.139648,8560.280273,8513.730469,8560.280273,8560.280273,1113800
4/26/2016,8556.370117,8622.419922,8554.549805,8581.570313,8581.570313,1291300
4/27/2016,8561.370117,8597.639648,8537.030273,8563.049805,8563.049805,1429000
4/28/2016,8586.919922,8595.990234,8456.379883,8473.870117,8473.870117,1614700
4/29/2016,8424.040039,8424.040039,8352.230469,8377.900391,8377.900391,1575700
5/3/2016,8362.349609,8363.589844,8268.410156,8294.120117,8294.120117,1644000
5/4/2016,8282.519531,8285.959961,8153.569824,8185.470215,8185.470215,1801400
5/5/2016,8182.049805,8207.980469,8122.339844,8167.959961,8167.959961,1609100
5/6/2016,8169.540039,8170.680176,8104.160156,8146.430176,8146.430176,1678500
5/9/2016,8156.649902,8177.359863,8106.129883,8131.830078,8131.830078,1365700
5/10/2016,8119.709961,8168.129883,8075.580078,8156.290039,8156.290039,1320800
5/11/2016,8182.919922,8204.509766,8115.439941,8135.560059,8135.560059,1584800
5/12/2016,8122.779785,8162.439941,8105.490234,8108.049805,8108.049805,1359700
5/13/2016,8095.930176,8095.930176,7999.97998,8053.689941,8053.689941,2020700
5/16/2016,8035.209961,8091.47998,8003.930176,8067.600098,8067.600098,1449600
5/17/2016,8081.890137,8151.200195,8047.310059,8140.47998,8140.47998,1500000
5/18/2016,8115.609863,8159.680176,8061.259766,8159.680176,8159.680176,1482200
5/19/2016,8159.930176,8166.959961,8067.330078,8095.97998,8095.97998,1377200
5/20/2016,8108.680176,8165.97998,8080.649902,8131.259766,8131.259766,1228000
5/23/2016,8150.379883,8356.959961,8119.709961,8344.44043,8344.44043,1882300
5/24/2016,8329.69043,8354.620117,8298,8300.660156,8300.660156,1382700
5/25/2016,8352.839844,8417.269531,8352.839844,8396.200195,8396.200195,1675500
5/26/2016,8400.889648,8410.740234,8376.599609,8394.120117,8394.120117,1328900
5/27/2016,8415.589844,8463.610352,8415.589844,8463.610352,8463.610352,1546200
5/30/2016,8476.620117,8563.400391,8462.150391,8535.870117,8535.870117,1612400
5/31/2016,8532.209961,8545.730469,8488.900391,8535.589844,8535.589844,2368300
6/1/2016,8516.080078,8603.629883,8514.120117,8597.160156,8597.160156,1713400
6/2/2016,8598.469727,8635.030273,8553.540039,8556.019531,8556.019531,1713200
6/3/2016,8565.179688,8601.049805,8559.769531,8587.360352,8587.360352,1446300
6/4/2016,null,null,null,null,null,null
6/6/2016,8605.150391,8664.120117,8557.679688,8597.110352,8597.110352,1253900
6/7/2016,8622.209961,8692.730469,8621.459961,8679.900391,8679.900391,1653300
6/8/2016,8704.660156,8754.820313,8690.589844,8715.480469,8715.480469,1745300
6/13/2016,8634.240234,8634.240234,8520.209961,8536.219727,8536.219727,1795700
6/14/2016,8513.509766,8577.30957,8503.419922,8576.120117,8576.120117,1324500
6/15/2016,8566.429688,8608.290039,8524.549805,8606.370117,8606.370117,1631200
6/16/2016,8583.19043,8584.669922,8476.839844,8494.139648,8494.139648,1614200
6/17/2016,8538.280273,8607.160156,8538.280273,8568.080078,8568.080078,1676500
6/20/2016,8612.259766,8642.150391,8604.80957,8625.919922,8625.919922,1441600
6/21/2016,8633.209961,8684.849609,8627.400391,8684.849609,8684.849609,1522900
6/22/2016,8675.120117,8716.25,8653.040039,8716.25,8716.25,1616300
6/23/2016,8706.080078,8711.209961,8662.780273,8676.679688,8676.679688,1277400
6/24/2016,8684.530273,8691.299805,8374.259766,8476.990234,8476.990234,2544000
6/27/2016,8406.290039,8468.660156,8386.269531,8458.870117,8458.870117,1349900
6/28/2016,8438.759766,8505.509766,8396.009766,8505.509766,8505.509766,1527200
6/29/2016,8530.370117,8609.230469,8530.370117,8586.55957,8586.55957,1952800
6/30/2016,8615.459961,8666.580078,8583.769531,8666.580078,8666.580078,2157300
7/1/2016,8692.480469,8755.620117,8680.530273,8738.240234,8738.240234,1877900
7/4/2016,8728.320313,8782.379883,8712.120117,8760.580078,8760.580078,1488300
7/5/2016,8738.410156,8747.05957,8693.759766,8716.070313,8716.070313,1539800
7/6/2016,8673.530273,8673.530273,8569.150391,8575.75,8575.75,1803000
7/7/2016,8605.379883,8653.700195,8605.379883,8640.910156,8640.910156,1591200
7/8/2016,8605.379883,8653.700195,8605.379883,8640.910156,8640.910156,1591200
7/11/2016,8728.230469,8795.799805,8728.230469,8786.469727,8786.469727,2165600
7/12/2016,8794.730469,8841.459961,8794.299805,8841.459961,8841.459961,1993200
7/13/2016,8847.040039,8865.419922,8800.169922,8857.75,8857.75,2219500
7/14/2016,8837.759766,8877.30957,8818.259766,8866.360352,8866.360352,2035000
7/15/2016,8857.150391,8949.849609,8857.150391,8949.849609,8949.849609,2268200
7/18/2016,8952.610352,9008.209961,8952.610352,9008.209961,9008.209961,2099900
7/19/2016,9018.799805,9034.870117,8972.830078,9034.870117,9034.870117,2370800
7/20/2016,9013.519531,9034.129883,8969.19043,9007.679688,9007.679688,2140900
7/21/2016,9010.219727,9075.889648,9009.790039,9056.55957,9056.55957,2658600
7/22/2016,9055.169922,9060.150391,9004.240234,9013.139648,9013.139648,2094400
7/25/2016,9030.360352,9085.910156,8916.049805,8991.669922,8991.669922,1980900
7/26/2016,8983.549805,9024.790039,8960.480469,9024.790039,9024.790039,1792500
7/27/2016,9058.19043,9084.900391,9042.139648,9063.389648,9063.389648,2133200
7/28/2016,9060.480469,9081.400391,9015.349609,9076.639648,9076.639648,2369500
7/29/2016,9066.370117,9071.509766,8984.410156,8984.410156,8984.410156,1899200
8/1/2016,9008.740234,9080.709961,9008.740234,9080.709961,9080.709961,1830200
8/2/2016,9081.05957,9086.419922,9052.709961,9068.759766,9068.759766,1733700
8/3/2016,9000.820313,9033.950195,8948.400391,9001.709961,9001.709961,1685800
8/4/2016,9009.290039,9035.25,8972.30957,9024.709961,9024.709961,1640000
8/5/2016,9025.759766,9101.709961,9023.230469,9092.120117,9092.120117,1959600
8/8/2016,9123.070313,9153.990234,9104.429688,9150.259766,9150.259766,1891100
8/9/2016,9154,9168.339844,9127.629883,9155.080078,9155.080078,1911500
8/10/2016,9160.94043,9200.419922,9131.629883,9200.419922,9200.419922,2158200
8/11/2016,9168.700195,9187.179688,9063.80957,9131.830078,9131.830078,2218600
8/12/2016,9135.339844,9173.719727,9135.339844,9150.389648,9150.389648,1924700
8/15/2016,9152.360352,9162.019531,9117.259766,9148.509766,9148.509766,1666600
8/16/2016,9146.089844,9165.580078,9082.339844,9110.360352,9110.360352,1762700
8/17/2016,9121.179688,9133.070313,9073.269531,9117.700195,9117.700195,1704800
8/18/2016,9104.879883,9128.799805,9093.509766,9122.5,9122.5,1779500
8/19/2016,9139.69043,9175.129883,9034.269531,9034.269531,9034.269531,1966900
8/22/2016,9004.679688,9012.719727,8928.330078,8981.80957,8981.80957,1680100
8/23/2016,8987.070313,9046.299805,8986.759766,9030.929688,9030.929688,1606000
8/24/2016,9043.129883,9054.759766,9016.389648,9017.379883,9017.379883,1538600
8/25/2016,9034.469727,9115.469727,9031.339844,9115.469727,9115.469727,1843600
8/26/2016,9097.019531,9131.719727,9092.080078,9131.719727,9131.719727,1535600
8/29/2016,9117.530273,9136.419922,9027.349609,9110.169922,9110.169922,1604400
8/30/2016,9113.339844,9134.370117,9093.870117,9110.55957,9110.55957,1631700
8/31/2016,9122.19043,9130.759766,9044.5,9068.849609,9068.849609,2149900
9/1/2016,9055.730469,9069.129883,8980.209961,9001.150391,9001.150391,1891700
9/2/2016,9015.629883,9038.480469,8958.80957,8987.549805,8987.549805,1968000
9/5/2016,9032.379883,9100.049805,9032.379883,9090.129883,9090.129883,1467300
9/6/2016,9102.830078,9181.849609,9098.599609,9181.849609,9181.849609,1709300
9/7/2016,9202.230469,9278.879883,9202.230469,9259.070313,9259.070313,1969500
9/8/2016,9241.950195,9273.570313,9224.889648,9262.889648,9262.889648,1860000
9/9/2016,9217.370117,9217.370117,9142.129883,9164.879883,9164.879883,1587900
9/10/2016,null,null,null,null,null,null
9/12/2016,9031.509766,9031.509766,8947.05957,8947.05957,8947.05957,1673200
9/13/2016,8983.950195,9014.75,8885.549805,8940.830078,8940.830078,1797200
9/14/2016,8913.110352,8965.320313,8895.849609,8902.299805,8902.299805,1755900
9/19/2016,9003.410156,9155.379883,9003.410156,9152.879883,9152.879883,1678200
9/20/2016,9141.209961,9173.459961,9130.900391,9161.580078,9161.580078,1425100
9/21/2016,9141.919922,9228.5,9133.160156,9228.5,9228.5,1624800
9/22/2016,9265.280273,9290.759766,9207.410156,9235.259766,9235.259766,1489300
9/23/2016,9240.25,9284.620117,9228.660156,9284.620117,9284.620117,1566400
9/26/2016,9229.339844,9229.339844,9189.490234,9194.519531,9194.519531,1242800
9/27/2016,null,null,null,null,null,null
9/28/2016,null,null,null,null,null,null
9/29/2016,9241.610352,9303.129883,9238.490234,9270.900391,9270.900391,1843300
9/30/2016,9240.44043,9240.650391,9160.910156,9166.849609,9166.849609,1606100
10/3/2016,9219.519531,9256.580078,9212.379883,9234.200195,9234.200195,1379500
10/4/2016,9228.660156,9287.769531,9224.450195,9287.769531,9287.769531,1396600
10/5/2016,9260.69043,9276.129883,9244.410156,9272.280273,9272.280273,1339700
10/6/2016,9263.400391,9284.30957,9242.830078,9284.30957,9284.30957,1405800
10/7/2016,9289.660156,9289.950195,9249.05957,9265.80957,9265.80957,1501300
10/11/2016,9311.790039,9327.709961,9167.719727,9219.820313,9219.820313,2070400
10/12/2016,9201.549805,9258.69043,9166.580078,9252.599609,9252.599609,1385400
10/13/2016,9268.219727,9285.049805,9187.780273,9219.169922,9219.169922,1523400
10/14/2016,9198.259766,9216.629883,9149.870117,9165.169922,9165.169922,1479500
10/17/2016,9150.669922,9182.669922,9074.990234,9176.219727,9176.219727,1260400
10/18/2016,9175.070313,9222.580078,9157.400391,9222.580078,9222.580078,1276700
10/19/2016,9227.980469,9298.870117,9226.459961,9283.990234,9283.990234,1506800
10/20/2016,9288.490234,9331.889648,9279.150391,9317.240234,9317.240234,1631700
10/21/2016,9322.549805,9348.089844,9292.530273,9306.570313,9306.570313,1895600
10/24/2016,9333.94043,9343.570313,9308.530273,9322.5,9322.5,1257600
10/25/2016,9338.089844,9399.969727,9334.799805,9385.650391,9385.650391,1429900
10/26/2016,9355.660156,9372.740234,9338.839844,9362.25,9362.25,1311100
10/27/2016,9363.900391,9370.320313,9286.860352,9299.549805,9299.549805,1445200
10/28/2016,9307.389648,9320.570313,9276.709961,9306.919922,9306.919922,1372600
10/31/2016,9283.200195,9314.339844,9194.480469,9290.120117,9290.120117,1320100
11/1/2016,9272.299805,9289.120117,9236.820313,9272.700195,9272.700195,1119300
11/2/2016,9230.230469,9230.230469,9139.040039,9139.040039,9139.040039,1373000
11/3/2016,9126.290039,9154.19043,9067.269531,9067.269531,9067.269531,1401300
11/4/2016,9065.110352,9098.879883,9048.209961,9068.150391,9068.150391,1181400
11/7/2016,9102.969727,9191.669922,9102.969727,9189.839844,9189.839844,1245000
11/8/2016,9214.950195,9230.200195,9165,9217.429688,9217.429688,1347800
11/9/2016,9252.269531,9296.860352,8926.599609,8943.200195,8943.200195,2656500
11/10/2016,9070.639648,9179.179688,9070.639648,9152.179688,9152.179688,1998400
11/11/2016,9067.650391,9067.650391,8949.379883,8957.759766,8957.759766,2518700
11/14/2016,8955.269531,8991.94043,8879.69043,8940.400391,8940.400391,2151600
11/15/2016,8927.919922,8981.049805,8923.360352,8931.030273,8931.030273,1949200
11/16/2016,8955.759766,9032.30957,8955.759766,8962.219727,8962.219727,1851700
11/17/2016,8984.570313,8998.230469,8936.299805,8995.259766,8995.259766,1704600
11/18/2016,8991.5,9025.980469,8958.219727,9008.790039,9008.790039,1779800
11/21/2016,9009.780273,9049.759766,8986.400391,9041.110352,9041.110352,1807800
11/22/2016,9058.580078,9161.19043,9058.580078,9133.389648,9133.389648,2146700
11/23/2016,9146.719727,9202.719727,9146.719727,9178.230469,9178.230469,1926800
11/24/2016,9164.839844,9183.160156,9137.55957,9152.110352,9152.110352,2022700
11/25/2016,9149.349609,9191.339844,9148.629883,9159.070313,9159.070313,1840100
11/28/2016,9167.330078,9241.540039,9167.330078,9222.240234,9222.240234,1910200
11/29/2016,9220.950195,9249.05957,9192.379883,9192.379883,9192.379883,1889200
11/30/2016,9196.089844,9240.709961,9189.620117,9240.709961,9240.709961,2538900
12/1/2016,9245.549805,9278.959961,9241.780273,9263.530273,9263.530273,1996000
12/2/2016,9214.55957,9214.55957,9165.900391,9189.490234,9189.490234,1730600
12/5/2016,9194.459961,9212.19043,9138.639648,9160.660156,9160.660156,1547800
12/6/2016,9209.799805,9280.650391,9209.799805,9250.769531,9250.769531,1649700
12/7/2016,9279,9299.919922,9247.5,9263.889648,9263.889648,1682800
12/8/2016,9308.900391,9376.410156,9308.900391,9375.860352,9375.860352,2170000
12/9/2016,9383.070313,9399.25,9366.860352,9392.679688,9392.679688,1811800
12/12/2016,9402.049805,9430.339844,9336.450195,9349.94043,9349.94043,1697400
12/13/2016,9361.969727,9382.139648,9342.55957,9382.139648,9382.139648,1856000
12/14/2016,9395.599609,9413.129883,9353.25,9368.519531,9368.519531,1658400
12/15/2016,9337.209961,9370.509766,9309.790039,9360.349609,9360.349609,1692100
12/16/2016,9352.269531,9379.75,9326.780273,9326.780273,9326.780273,1858100
12/19/2016,9316.05957,9317.030273,9237.980469,9239.320313,9239.320313,1454800
12/20/2016,9229.740234,9258.69043,9199.839844,9242.410156,9242.410156,1349900
12/21/2016,9234.94043,9263.5,9204.259766,9204.259766,9204.259766,1439700
12/22/2016,9204.290039,9209.719727,9118.75,9118.75,9118.75,1427400
12/23/2016,9112.330078,9128.830078,9078.639648,9078.639648,9078.639648,1333800
12/26/2016,9088.990234,9127.740234,9083.280273,9110.540039,9110.540039,799000
12/27/2016,9120.879883,9132.049805,9100.830078,9109.269531,9109.269531,880800
12/28/2016,9120.900391,9203.55957,9120.900391,9201.400391,9201.400391,1195900
12/29/2016,9172.389648,9196.019531,9149.160156,9153.089844,9153.089844,1239800
12/30/2016,9186.299805,9259.089844,9186.299805,9253.5,9253.5,1329700
1/3/2017,9252.55957,9273.650391,9235.950195,9272.879883,9272.879883,1186600
1/4/2017,9279.519531,9299.620117,9266.030273,9286.959961,9286.959961,1322300
1/5/2017,9282.55957,9358.419922,9282.450195,9358.139648,9358.139648,1859300
1/6/2017,9371.410156,9381.110352,9351.25,9372.219727,9372.219727,1743800
1/9/2017,9376.480469,9404.900391,9328.19043,9342.419922,9342.419922,1708500
1/10/2017,9344.19043,9353.599609,9319.450195,9349.639648,9349.639648,1514800
1/11/2017,9370.169922,9384,9333.490234,9345.740234,9345.740234,1801200
1/12/2017,9356.120117,9430.580078,9356.120117,9410.179688,9410.179688,1919300
1/13/2017,9373.700195,9387.679688,9352.080078,9378.830078,9378.830078,1560100
1/16/2017,9356.540039,9359.009766,9281.209961,9292.330078,9292.330078,1445700
1/17/2017,9301.959961,9354.530273,9294.679688,9354.530273,9354.530273,1449700
1/18/2017,9344.740234,9350.950195,9322.44043,9341.969727,9341.969727,1882800
1/19/2017,9324.830078,9337.639648,9287.540039,9318.120117,9318.120117,1796100
1/20/2017,9326.799805,9350.070313,9317.620117,9331.459961,9331.459961,1613400
1/23/2017,9363.660156,9427.459961,9363.660156,9424.049805,9424.049805,1796100
1/24/2017,9423.049805,9468.339844,9416.05957,9447.950195,9447.950195,2147200
2/2/2017,9502.25,9521.339844,9413.769531,9428.969727,9428.969727,3341600
2/3/2017,9450.05957,9478.009766,9423.929688,9455.55957,9455.55957,2264200
2/6/2017,9467.669922,9548.679688,9467.669922,9538.009766,9538.009766,3053900
2/7/2017,9527.419922,9555.799805,9512.55957,9554.55957,9554.55957,2607300
2/8/2017,9540.769531,9564.070313,9505.790039,9543.25,9543.25,2893600
2/9/2017,9555.519531,9600.089844,9540.509766,9590.179688,9590.179688,2733900
2/10/2017,9612.669922,9688.150391,9612.669922,9665.589844,9665.589844,3443400
2/13/2017,9690.389648,9711.429688,9681.099609,9710.320313,9710.320313,2743600
2/14/2017,9726.740234,9760.009766,9698.290039,9718.780273,9718.780273,2798500
2/15/2017,9724.129883,9813.980469,9723.040039,9799.759766,9799.759766,2986500
2/16/2017,9826.889648,9869.589844,9753.160156,9771.25,9771.25,2654800
2/17/2017,9779.160156,9791.589844,9754.540039,9759.759766,9759.759766,2180300
2/18/2017,null,null,null,null,null,null
2/20/2017,9795.80957,9817.139648,9743.360352,9753.200195,9753.200195,2480000
2/21/2017,9761.269531,9775.490234,9721.360352,9763.929688,9763.929688,2406100
2/22/2017,9786.25,9820.070313,9770.099609,9778.780273,9778.780273,2566100
2/23/2017,9774.080078,9810.55957,9748.94043,9769.30957,9769.30957,2525500
2/24/2017,9757.669922,9784.389648,9740.179688,9750.469727,9750.469727,2454600
3/1/2017,9751.120117,9758.780273,9674.780273,9674.780273,9674.780273,2474000
3/2/2017,9727.599609,9774.599609,9646.339844,9691.799805,9691.799805,2522300
3/3/2017,9672.259766,9679.820313,9633.879883,9648.209961,9648.209961,2180100
3/6/2017,9647,9688.5,9647,9682.629883,9682.629883,1906000
3/7/2017,9690.259766,9738.070313,9690.200195,9738.070313,9738.070313,1882200
3/8/2017,9744.259766,9773.490234,9712.5,9753.450195,9753.450195,2048400
3/9/2017,9740.049805,9743.780273,9650.320313,9658.610352,9658.610352,2432800
3/10/2017,9653.790039,9656.650391,9562.75,9627.889648,9627.889648,2283500
3/13/2017,9656.55957,9697.339844,9656.55957,9697.339844,9697.339844,1858800
3/14/2017,9720.530273,9767.660156,9720.530273,9744.209961,9744.209961,2212800
3/15/2017,9741.290039,9749.009766,9714.580078,9740.30957,9740.30957,1836600
3/16/2017,9768.849609,9842.169922,9768.849609,9837.830078,9837.830078,2102200
3/17/2017,9845.589844,9908.69043,9835.509766,9908.69043,9908.69043,2689700
3/20/2017,9905.80957,9916.179688,9869.349609,9912.969727,9912.969727,2118700
3/21/2017,9923.179688,9976.610352,9918.389648,9972.490234,9972.490234,2317100
3/22/2017,9911.959961,9922.660156,9843.070313,9922.660156,9922.660156,2270500
3/23/2017,9921.969727,9945.240234,9897.450195,9930.740234,9930.740234,2615300
3/24/2017,9914.120117,9932.679688,9892.30957,9902.980469,9902.980469,2324400
3/27/2017,9907.599609,9917.849609,9859.530273,9876.769531,9876.769531,2296100
3/28/2017,9909.990234,9924.139648,9799.280273,9876.450195,9876.450195,2595900
3/29/2017,9887,9906.759766,9831.629883,9856.25,9856.25,2272800
3/30/2017,9869.280273,9878.620117,9836.330078,9848.150391,9848.150391,2296100
3/31/2017,9846.379883,9869.650391,9811.519531,9811.519531,9811.519531,2362400
4/5/2017,9856.44043,9949.480469,9856.44043,9949.480469,9949.480469,2734200
4/6/2017,9946.660156,9946.660156,9879.849609,9897.799805,9897.799805,2015700
4/7/2017,9892.980469,9900.879883,9788.519531,9873.370117,9873.370117,2422600
4/10/2017,9880.290039,9898.639648,9859.030273,9882.540039,9882.540039,2364800
4/11/2017,9881.530273,9896.589844,9820.410156,9832.419922,9832.419922,2287200
4/12/2017,9831.55957,9837.19043,9789.589844,9817.679688,9817.679688,2339400
4/13/2017,9808.830078,9868.450195,9800.799805,9836.679688,9836.679688,2222700
4/14/2017,9806.150391,9808.330078,9730.94043,9732.929688,9732.929688,2179100
4/17/2017,9740.80957,9762.469727,9670.110352,9716.400391,9716.400391,0
4/18/2017,9735.759766,9771.070313,9727.259766,9746.55957,9746.55957,1710800
4/19/2017,9725.389648,9725.389648,9631.639648,9639.94043,9639.94043,2080800
4/20/2017,9639.929688,9664.240234,9622.25,9632.69043,9632.69043,1765800
4/21/2017,9657.049805,9718.820313,9657.049805,9717.410156,9717.410156,1577900
4/24/2017,9742.910156,9772.959961,9683.700195,9717.950195,9717.950195,1423700
4/25/2017,9737.820313,9841.709961,9737.820313,9841.709961,9841.709961,2034900
4/26/2017,9859.110352,9865.879883,9827.469727,9856.450195,9856.450195,2082000
4/27/2017,9859.450195,9863.519531,9823.849609,9860.620117,9860.620117,1775600
4/28/2017,9868.379883,9897.040039,9845.839844,9872,9872,2142500
5/2/2017,9926.44043,9951.139648,9925.75,9941.269531,9941.269531,2002400
5/3/2017,9957.620117,9979.910156,9937.990234,9955.330078,9955.330078,1651600
5/4/2017,9962.730469,9973.759766,9938.959961,9967.639648,9967.639648,1762200
5/5/2017,9954.94043,9960.990234,9899.94043,9899.94043,9899.94043,1657100
5/8/2017,9934.129883,9964.860352,9900.070313,9937.25,9937.25,1804900
5/9/2017,9967.009766,10001.94043,9899.080078,9915.480469,9915.480469,2352400
5/10/2017,9935.219727,9971.980469,9932.169922,9968.320313,9968.320313,1912900
5/11/2017,9968.509766,10018.79004,9964.299805,10001.48047,10001.48047,2080800
5/12/2017,9981.769531,10008.25,9961.370117,9986.820313,9986.820313,1778700
5/15/2017,9978.280273,10036.82031,9978.280273,10036.82031,10036.82031,1756500
5/16/2017,10037.58008,10058.58984,9991.080078,10031.49023,10031.49023,2111000
5/17/2017,10019.62012,10029.62012,9967.969727,10013.66992,10013.66992,1767700
5/18/2017,9952.639648,9969.450195,9895.650391,9969.450195,9969.450195,1732600
5/19/2017,9970.400391,9979.730469,9947.139648,9947.620117,9947.620117,1796600
5/22/2017,9965.080078,9997.259766,9960.94043,9997.259766,9997.259766,1587700
5/23/2017,9994.679688,10038.2002,9992.580078,10007.83984,10007.83984,1695400
5/24/2017,10014.15039,10059.74023,10014.15039,10044.41992,10044.41992,1695900
5/25/2017,10059.91016,10108.49023,10059.2002,10108.49023,10108.49023,1960700
5/26/2017,10090.17969,10121.87988,10072.83984,10101.9502,10101.9502,1856900
5/31/2017,10095.9502,10116.12988,10025.87988,10040.71973,10040.71973,2632100
6/1/2017,10064.44043,10100.37012,10059.92969,10087.41992,10087.41992,1923600
6/2/2017,10117.75977,10152.53027,10117.05957,10152.53027,10152.53027,2037600
6/3/2017,null,null,null,null,null,null
6/5/2017,10164.88965,10226.83984,10164.88965,10226.83984,10226.83984,2141900
6/6/2017,10213.16992,10221.63965,10190.38965,10206.17969,10206.17969,2016200
6/7/2017,10216.13965,10242.38965,10183.15039,10209.99023,10209.99023,2172700
6/8/2017,10215.92969,10235.7002,10211,10225.78027,10225.78027,1703500
6/9/2017,10238.54981,10268.37012,10198.79981,10199.65039,10199.65039,2139100
6/12/2017,10137.04004,10158.63965,10109.95996,10109.95996,10109.95996,1746300
6/13/2017,10109.7002,10146.66992,10109.7002,10128.15039,10128.15039,1586300
6/14/2017,10142.79981,10165.30957,10033.25,10072.45996,10072.45996,2067300
6/15/2017,10079.13965,10089.07031,10046.79981,10088.34961,10088.34961,1597900
6/16/2017,10078.69043,10159.46973,10073.12012,10156.73047,10156.73047,2056600
6/19/2017,10162.21973,10250.59961,10162.21973,10250.59961,10250.59961,1822100
6/20/2017,10286.79004,10354.37012,10286.79004,10324.45996,10324.45996,1856400
6/21/2017,10310.96973,10379.82031,10274.75,10349.71973,10349.71973,2327200
6/22/2017,10369.08008,10403.36035,10368.92969,10399.05957,10399.05957,1950200
6/23/2017,10403.55957,10422.33008,10374.00977,10377.7002,10377.7002,1893400
6/26/2017,10341.86035,10513.95996,10341.86035,10513.95996,10513.95996,2569100
6/27/2017,10513,10545.7002,10489.09961,10512.05957,10512.05957,2580400
6/28/2017,10459.16992,10459.16992,10382.80957,10390.54981,10390.54981,3027700
6/29/2017,10442.17969,10476.50977,10390.90039,10421.65039,10421.65039,2781000
6/30/2017,10367.25977,10395.07031,10329.83984,10395.07031,10395.07031,2305600
7/3/2017,10368.99023,10412.79004,10363.5,10412.79004,10412.79004,2092400
7/4/2017,10397.92969,10421.71973,10347.78027,10347.78027,10347.78027,2371700
7/5/2017,10352.38965,10404.79004,10304.74023,10404.79004,10404.79004,1934400
7/6/2017,10380.66016,10381.2002,10336.32031,10368.2002,10368.2002,1643200
7/7/2017,10343.29981,10343.29981,10294.69043,10297.25,10297.25,1701500
7/10/2017,10310.74023,10331.11035,10283.9502,10289.91016,10289.91016,1905800
7/11/2017,10313.08008,10415.57031,10313.08008,10415.57031,10415.57031,1978700
7/12/2017,10396.96973,10450.87012,10393.54004,10420.67969,10420.67969,2130900
7/13/2017,10418.74023,10485.28027,10418.74023,10460.15039,10460.15039,2565700
7/14/2017,10450.91992,10466.33984,10423.40039,10443.91016,10443.91016,2224100
7/17/2017,10467.26953,10490.04981,10436.30957,10457.54004,10457.54004,2118000
7/18/2017,10447.46973,10481.25977,10429.84961,10481.25977,10481.25977,1974000
7/19/2017,10472.80957,10537.41992,10472.80957,10506.09961,10506.09961,2281300
7/20/2017,10513.12012,10534.51953,10483.54004,10499.36035,10499.36035,2205400
7/21/2017,10468.46973,10477.71973,10428.55957,10436.7002,10436.7002,1847800
7/24/2017,10426.12988,10461.28027,10406.80957,10461.28027,10461.28027,0
7/25/2017,10455.13965,10473.98047,10442.84961,10463.15039,10463.15039,1900700
7/26/2017,10477.15039,10500.11035,10416.57031,10419.11035,10419.11035,2273800
7/27/2017,10427.83008,10516.23047,10427.83008,10508.37012,10508.37012,2413300
7/28/2017,10480.66992,10480.66992,10410.53027,10423.04981,10423.04981,1858300
7/31/2017,10396.75977,10427.33008,10366.16992,10427.33008,10427.33008,1975700
8/1/2017,10408.53027,10470.03027,10408.53027,10437.29004,10437.29004,2319300
8/2/2017,10479.25977,10519.26953,10479.25977,10519.26953,10519.26953,2280900
8/3/2017,10464.09961,10478.62012,10427.71973,10469.87988,10469.87988,2061300
8/4/2017,10470.95996,10510.7002,10466.25,10506.55957,10506.55957,2366000
8/7/2017,10521.69043,10592.30957,10521.69043,10579.37988,10579.37988,2466800
8/8/2017,10598.58984,10619.41992,10533.71973,10568.96973,10568.96973,2811600
8/9/2017,10523.50977,10536.19043,10457.51953,10470.37988,10470.37988,2512300
8/10/2017,10470.03027,10477.79004,10303.46973,10329.74023,10329.74023,2941100
8/11/2017,10267.04981,10338.05957,10238.5,10329.57031,10329.57031,2336200
8/14/2017,10347.66016,10365.21973,10225.28027,10225.28027,10225.28027,2455600
8/15/2017,10271.03027,10336.21973,10271.03027,10311.16016,10311.16016,2227300
8/16/2017,10302.83008,10322.37988,10245.71973,10290.38965,10290.38965,2435100
8/17/2017,10302.54004,10372.41016,10302.54004,10369.37012,10369.37012,2510400
8/18/2017,10324.83008,10330.38965,10259.83008,10321.33008,10321.33008,2246500
8/21/2017,10316.08984,10336.37012,10282.71973,10326.38965,10326.38965,2100200
8/22/2017,10353.37012,10410.46973,10353.37012,10392.07031,10392.07031,2407500
8/23/2017,10418.32031,10458.91016,10378.00977,10406.80957,10406.80957,2391700
8/24/2017,10414.66016,10488.95996,10410.73047,10488.95996,10488.95996,2634900
8/25/2017,10497.86035,10519.83984,10478.71973,10515.50977,10515.50977,2742000
8/28/2017,10502.79981,10542.37012,10498.87988,10525.98047,10525.98047,2655900
8/29/2017,10518.69043,10518.69043,10463.21973,10496.57031,10496.57031,2731300
8/30/2017,10511.58984,10574.53027,10511.58984,10569.40039,10569.40039,2682700
8/31/2017,10586.65039,10609.48047,10551.9502,10585.78027,10585.78027,2716700
9/1/2017,10576.26953,10619.51953,10568.71973,10594.82031,10594.82031,3028000
9/4/2017,10585.44043,10610.04004,10555.33984,10569.87012,10569.87012,2541200
9/5/2017,10584.09961,10617.83984,10564.25977,10617.83984,10617.83984,2678200
9/6/2017,10593.87012,10604.91992,10519.70996,10547.86035,10547.86035,2731100
9/7/2017,10564.79004,10604.01953,10509.91016,10538.50977,10538.50977,3130500
9/8/2017,10553.90039,10609.9502,10550.71973,10609.9502,10609.9502,2733700
9/11/2017,10630.16016,10656.25,10565.78027,10572.16016,10572.16016,2888400
9/12/2017,10610.33008,10646.54981,10586.28027,10610.34961,10610.34961,2833200
9/13/2017,10596.36035,10620.30957,10532.87988,10532.87988,10532.87988,2630200
9/14/2017,10533.99023,10572.70996,10508.71973,10553.57031,10553.57031,2417000
9/15/2017,10556.82031,10580.78027,10520.15039,10580.41016,10580.41016,3264900
9/18/2017,10590.79981,10642.40039,10581.80957,10631.57031,10631.57031,3468000
9/19/2017,10653.33984,10664.17969,10561.20996,10576.13965,10576.13965,2979400
9/20/2017,10568.58008,10589.19043,10490.70996,10519.16992,10519.16992,2662700
9/21/2017,10506.84961,10603.08008,10493.9502,10578.44043,10578.44043,2243000
9/22/2017,10571.65039,10579.01953,10446.4502,10449.67969,10449.67969,2354400
9/25/2017,10442.04981,10447.08984,10322.09961,10335.88965,10335.88965,2543900
9/26/2017,10333.44043,10374.54004,10257.01953,10257.01953,10257.01953,2278100
9/27/2017,10322.44043,10357.23047,10315.96973,10326.67969,10326.67969,1895900
9/28/2017,10351.41992,10365.58984,10288.24023,10296.4502,10296.4502,1993300
9/29/2017,10319.69043,10338.9502,10273.59961,10329.94043,10329.94043,1884100
10/2/2017,10425.09961,10472.80957,10414.53027,10465.16016,10465.16016,1678300
10/3/2017,10462.7002,10495.33984,10445.86035,10469.34961,10469.34961,1858600
10/5/2017,10473.28027,10530.92969,10473.28027,10518.26953,10518.26953,1848700
10/6/2017,10538.20996,10557.66992,10511.5,10532.80957,10532.80957,1891500
10/11/2017,10576.12012,10668.49023,10576.12012,10641.19043,10641.19043,2773600
10/12/2017,10668.38965,10711.44043,10668.38965,10711.44043,10711.44043,2296700
10/13/2017,10712.48047,10724.08984,10675.83008,10724.08984,10724.08984,2232200
10/16/2017,10735.13965,10774.20996,10723.37012,10774.20996,10774.20996,2378300
10/17/2017,10790.34961,10798.51953,10723.15039,10723.15039,10723.15039,2297500
10/18/2017,10773.84961,10790.30957,10684.32031,10720.28027,10720.28027,2571700
10/19/2017,10745.76953,10798.54004,10745.76953,10760.29004,10760.29004,2108300
10/20/2017,10737.87012,10753.76953,10702.55957,10728.87988,10728.87988,2244600
10/23/2017,10759.46973,10792.26953,10731.90039,10735.20996,10735.20996,1980100
10/24/2017,10749.90039,10766.63965,10726.25,10743.78027,10743.78027,2185400
10/25/2017,10771.40039,10794.54981,10740.07031,10750.57031,10750.57031,2442200
10/26/2017,10735.34961,10756.50977,10716.51953,10734.75977,10734.75977,2162000
10/27/2017,10757.34961,10803.59961,10701.08008,10709.11035,10709.11035,2925800
10/30/2017,10777.59961,10842.25,10743.12988,10756.87012,10756.87012,2172800
10/31/2017,10768.90039,10829.33008,10747.37012,10793.79981,10793.79981,2119900
11/1/2017,10816.04004,10843.41016,10785.32031,10806.36035,10806.36035,2341800
11/2/2017,10797.62988,10827.66992,10788.50977,10788.50977,10788.50977,2458500
11/3/2017,10797.91016,10835.7002,10765.30957,10800.76953,10800.76953,2147200
11/6/2017,10856.55957,10858.5,10769.19043,10786.19043,10786.19043,2174000
11/7/2017,10820.83008,10842.61035,10807.88965,10840.33984,10840.33984,2515700
11/8/2017,10839.44043,10844.74023,10806.00977,10818.99023,10818.99023,2438000
11/9/2017,10802.9502,10831.37988,10721.87012,10743.26953,10743.26953,2917800
11/10/2017,10713.66992,10742.61035,10659.29004,10732.66992,10732.66992,2277000
11/13/2017,10728.21973,10749.38965,10683.91992,10683.91992,10683.91992,2765100
11/14/2017,10716.58984,10735.08008,10654.58008,10687.17969,10687.17969,2596600
11/15/2017,10662.08008,10669.58984,10600.25977,10630.65039,10630.65039,2255800
11/16/2017,10629.16016,10666.66016,10609.23047,10625.04004,10625.04004,2123600
11/17/2017,10673.42969,10729.4502,10673.42969,10701.63965,10701.63965,2397100
11/20/2017,10706.79004,10728.38965,10656.17969,10664.54981,10664.54981,2428600
11/21/2017,10688.21973,10787.58008,10687.25977,10779.24023,10779.24023,3186600
11/22/2017,10815.40039,10882.65039,10801.09961,10822.58984,10822.58984,3794300
11/23/2017,10837.61035,10872.29004,10809.08984,10854.57031,10854.57031,2600700
11/24/2017,10847.79004,10873.91016,10833.78027,10854.08984,10854.08984,2664500
11/27/2017,10836.82031,10856,10746.74023,10750.92969,10750.92969,2588100
11/28/2017,10733.55957,10752.58008,10692.53027,10707.07031,10707.07031,2872200
11/29/2017,10735.24023,10762.91016,10697.62012,10713.54981,10713.54981,3003400
11/30/2017,10623.2002,10650.17969,10560.44043,10560.44043,10560.44043,4790900
12/1/2017,10591.62012,10665.91992,10495.15039,10600.37012,10600.37012,3662900
12/4/2017,10617.26953,10665.42969,10565.67969,10651.11035,10651.11035,2778600
12/5/2017,10607.62012,10635.70996,10540.74023,10566.84961,10566.84961,3032300
12/6/2017,10541.03027,10541.03027,10376.65039,10393.91992,10393.91992,2931900
12/7/2017,10404.41992,10418.96973,10322.75977,10355.75977,10355.75977,2658300
12/8/2017,10406.34961,10419.28027,10336.25977,10398.62012,10398.62012,2603300
12/11/2017,10438.33008,10504.66992,10438.33008,10473.08984,10473.08984,2264200
12/12/2017,10488.73047,10495.24023,10408.05957,10443.28027,10443.28027,2099500
12/13/2017,10447.11035,10489.16992,10444.7002,10470.7002,10470.7002,2254300
12/14/2017,10494.59961,10577.53027,10494.59961,10538.00977,10538.00977,2374000
12/15/2017,10517.20996,10520.66016,10436.11035,10491.44043,10491.44043,2513000
12/18/2017,10478.74023,10526.41016,10472.38965,10506.51953,10506.51953,1805500
12/19/2017,10508.33008,10544,10452.08008,10467.33984,10467.33984,2124800
12/20/2017,10470.36035,10514.30957,10470.36035,10504.51953,10504.51953,2091100
12/21/2017,10526.96973,10545.78027,10488.96973,10488.96973,10488.96973,2052900
12/22/2017,10503.09961,10537.26953,10486.51953,10537.26953,10537.26953,1988400
12/25/2017,10546.63965,10556.65039,10514.54004,10522.49023,10522.49023,1870400
12/26/2017,10526.13965,10528.91992,10408.12012,10421.91016,10421.91016,1976700
12/27/2017,10419.80957,10497.76953,10419.80957,10486.66992,10486.66992,2040200
12/28/2017,10513.29004,10592.04004,10513.29004,10567.63965,10567.63965,2157000
12/29/2017,10590.9502,10659.98047,10590.9502,10642.86035,10642.86035,2339300
1/2/2018,10664.82031,10710.73047,10650.76953,10710.73047,10710.73047,2304600
1/3/2018,10759.61035,10813.16016,10759.61035,10801.57031,10801.57031,2875900
1/4/2018,10834.58008,10853.45996,10794.25,10848.62988,10848.62988,2957000
1/5/2018,10856.91992,10879.79981,10815.67969,10879.79981,10879.79981,2937500
1/8/2018,10899.08984,10918.46973,10869.12012,10915.75,10915.75,3149500
1/9/2018,10922.34961,10931,10860.76953,10914.88965,10914.88965,2845100
1/10/2018,10915.32031,10934.75,10819.25,10831.08984,10831.08984,3127300
1/11/2018,10824.54004,10844.08008,10770.09961,10810.05957,10810.05957,2654100
1/12/2018,10818.24023,10899.98047,10818.24023,10883.95996,10883.95996,2813300
1/15/2018,10932.37012,10962.54981,10911.88965,10956.30957,10956.30957,2592300
1/16/2018,10955.80957,10986.11035,10920.5,10986.11035,10986.11035,2855600
1/17/2018,10976.12988,11030.21973,10942.9502,11004.79981,11004.79981,3237300
1/18/2018,11048.05957,11122.82031,11048.05957,11071.57031,11071.57031,2977800
1/19/2018,11123.58008,11150.84961,11095.84961,11150.84961,11150.84961,2581700
1/22/2018,11169.79004,11231.45996,11142.37988,11231.45996,11231.45996,3125900
1/23/2018,11243.49023,11270.17969,11201.51953,11253.11035,11253.11035,3297800
1/24/2018,11228.70996,11228.70996,11107.32031,11152.16016,11152.16016,3076000
1/25/2018,11154.36035,11268.61035,11131.84961,11165.9502,11165.9502,3354200
1/26/2018,11152.53027,11178.29981,11089.48047,11147.09961,11147.09961,2620400
1/29/2018,11202.26953,11246.17969,11161.83008,11221.80957,11221.80957,2376900
1/30/2018,11189.57031,11189.57031,11076.78027,11076.78027,11076.78027,2627900
1/31/2018,11054.36035,11158.29004,11007.88965,11103.79004,11103.79004,2563600
2/1/2018,11139.40039,11212.09961,11139.40039,11160.25,11160.25,2189900
2/2/2018,11151.65039,11153.32031,11070.42969,11126.23047,11126.23047,1962700
2/5/2018,10970.29981,10970.29981,10855.42969,10946.25,10946.25,2321800
2/6/2018,10761.00977,10761.00977,10300.40039,10404,10404,5028100
2/7/2018,10547.63965,10697.82031,10547.63965,10551.54004,10551.54004,3050900
2/8/2018,10559.44043,10609.5,10512.92969,10528.51953,10528.51953,2218500
2/9/2018,10371.00977,10392.30957,10189.04004,10371.75,10371.75,2808500
2/12/2018,10429.08984,10473.50977,10416.00977,10421.08984,10421.08984,2315500
2/21/2018,10429.08984,10720.48047,10416.00977,10714.44043,10714.44043,5003000
2/22/2018,10698.46973,10698.46973,10620.79981,10662.37988,10662.37988,2314200
2/23/2018,10688.96973,10799.29004,10688.96973,10794.54981,10794.54981,2544800
2/26/2018,10827.98047,10890.69043,10827.98047,10836.7002,10836.7002,2226400
2/27/2018,10896.16016,10937.90039,10815.46973,10815.46973,10815.46973,2616800
3/1/2018,10896.16016,10937.90039,10709.69043,10785.79004,10785.79004,5049700
3/2/2018,10719.29004,10719.29004,10638.98047,10698.16992,10698.16992,2071400
3/5/2018,10727.4502,10756.37012,10642.90039,10642.90039,10642.90039,2137800
3/6/2018,10711.15039,10784.33984,10711.15039,10784.33984,10784.33984,1848700
3/7/2018,10762.99023,10818.04981,10745.32031,10745.32031,10745.32031,2043100
3/8/2018,10788.42969,10852.33008,10788.42969,10823.24023,10823.24023,2459100
